Date,Open,High,Low,Close,Volume,Dividends,Stock Splits,Capital Gains
2009-05-11 00:00:00+09:00,698.8651801215278,698.8651801215278,678.4416663646698,693.3623046875,8840,0.0,0.0,0.0
2009-05-18 00:00:00+09:00,676.0674846076746,696.5067341423253,674.4952346434708,686.287109375,9120,0.0,0.0,0.0
2009-05-25 00:00:00+09:00,691.7899889823718,705.9402387570112,691.7899889823718,705.1541137695312,8530,0.0,0.0,0.0
2009-06-01 00:00:00+09:00,719.3043212890625,726.3794457607581,715.3736965825649,719.3043212890625,15700,0.0,0.0,0.0
2009-06-08 00:00:00+09:00,727.1656757643243,750.7494274107348,720.8766753252814,748.3910522460938,16020,0.0,0.0,0.0
2009-06-15 00:00:00+09:00,747.6047171798407,747.6047171798407,712.2290996476717,721.66259765625,27030,0.0,0.0,0.0
2009-06-22 00:00:00+09:00,726.379486873232,730.3101118021998,705.1541122568065,729.5239868164062,73650,0.0,0.0,0.0
2009-06-29 00:00:00+09:00,730.3101718405018,738.9575473951256,713.8015457816746,723.2350463867188,28510,0.0,0.0,0.0
2009-07-06 00:00:00+09:00,726.3793458151162,726.3793458151162,683.9286048259211,685.5008544921875,28200,0.0,0.0,0.0
2009-07-13 00:00:00+09:00,687.8593905893672,696.5067657853479,669.7785151795895,689.431640625,14650,0.0,0.0,0.0
2009-07-20 00:00:00+09:00,657.9864860983456,724.8070969924429,657.9864860983456,721.66259765625,9370,0.0,0.0,0.0
2009-07-27 00:00:00+09:00,729.5239165296052,746.8186645507812,727.1655417994449,746.8186645507812,11070,0.0,0.0,0.0
2009-08-03 00:00:00+09:00,750.7494506835938,764.113577030841,741.3159497325958,750.7494506835938,3480,0.0,0.0,0.0
2009-08-10 00:00:00+09:00,758.6106051654542,767.2579799393609,754.6799802682239,765.6857299804688,7340,0.0,0.0,0.0
2009-08-17 00:00:00+09:00,762.5412794460864,762.5412794460864,738.1714035050259,746.0326538085938,14180,0.0,0.0,0.0
2009-08-24 00:00:00+09:00,761.7551724612405,768.8302979020569,753.8939219714443,760.1829223632812,8340,0.0,0.0,0.0
2009-08-31 00:00:00+09:00,768.0441209269944,771.97474590615,735.0268711020879,736.59912109375,7690,0.0,0.0,0.0
2009-09-07 00:00:00+09:00,744.4602898206209,753.8937887412624,736.5990407200864,746.8186645507812,2260,0.0,0.0,0.0
2009-09-14 00:00:00+09:00,746.0326195132745,746.0326195132745,726.3794946578142,730.3101196289062,9980,0.0,0.0,0.0
2009-09-21 00:00:00+09:00,740.5295670047883,749.1769398679015,728.7376949187247,731.0960693359375,3070,0.0,0.0,0.0
2009-09-28 00:00:00+09:00,723.2350163911061,723.2350163911061,689.431640625,689.431640625,17580,0.0,0.0,0.0
2009-10-05 00:00:00+09:00,692.5760617670344,705.940185546875,683.9286875565493,705.940185546875,48220,0.0,0.0,0.0
2009-10-12 00:00:00+09:00,716.159734270214,720.0903584978222,704.3678615873894,710.6568603515625,620,0.0,0.0,0.0
2009-10-19 00:00:00+09:00,711.4431167719529,724.0211166264846,707.5124918174116,717.7321166992188,4230,0.0,0.0,0.0
2009-10-26 00:00:00+09:00,716.1596939035995,722.4486923132908,691.0037002648342,706.7261962890625,9870,0.0,0.0,0.0
2009-11-02 00:00:00+09:00,698.8649714169378,698.8649714169378,689.4314734900499,691.0037231445312,29350,0.0,0.0,0.0
2009-11-09 00:00:00+09:00,710.6569838201603,710.6569838201603,682.3564844644902,686.287109375,279470,0.0,0.0,0.0
2009-11-16 00:00:00+09:00,684.714860857241,685.5009858410035,656.4143614417867,661.917236328125,15510,0.0,0.0,0.0
2009-11-23 00:00:00+09:00,677.6395854575961,677.6395854575961,640.6917194291657,641.4778442382812,55520,0.0,0.0,0.0
2009-11-30 00:00:00+09:00,655.6281310349368,705.1539970483673,655.6281310349368,699.651123046875,16170,0.0,0.0,0.0
2009-12-07 00:00:00+09:00,707.5123716204354,713.8013704792837,690.2176247586025,699.651123046875,2620,0.0,0.0,0.0
2009-12-14 00:00:00+09:00,705.9403532573155,717.7322299821036,694.9346016475132,704.3681030273438,6520,0.0,0.0,0.0
2009-12-21 00:00:00+09:00,711.4429669395788,724.0209641451404,708.2984676381884,720.87646484375,8260,0.0,0.0,0.0
2009-12-28 00:00:00+09:00,723.2348393197927,729.5238379225736,720.87646484375,720.87646484375,2810,0.0,0.0,0.0
2010-01-04 00:00:00+09:00,724.8070923366628,745.246337890625,724.8070923366628,745.246337890625,30670,0.0,0.0,0.0
2010-01-11 00:00:00+09:00,741.315701249483,758.7362060546875,741.315701249483,758.7362060546875,13980,0.0,0.0,0.0
2010-01-18 00:00:00+09:00,750.7493168357084,755.4660664702784,731.096193358334,737.3851928710938,36560,0.0,0.0,0.0
2010-01-25 00:00:00+09:00,731.0960651266164,735.8128139338849,707.512321090274,706.7261962890625,28780,0.0,0.0,0.0
2010-02-01 00:00:00+09:00,705.9401219057233,723.2348687675561,698.078873332163,699.651123046875,12220,0.0,0.0,0.0
2010-02-08 00:00:00+09:00,694.9345029066709,702.0096279362637,687.07325287379,700.4373779296875,31030,0.0,0.0,0.0
2010-02-15 00:00:00+09:00,702.0093994140625,712.2290211300566,694.1481519402208,702.0093994140625,8170,0.0,0.0,0.0
2010-02-22 00:00:00+09:00,707.5126034872872,718.5183550970894,698.8652272224426,704.3681030273438,6450,0.0,0.0,0.0
2010-03-01 00:00:00+09:00,701.2232972866356,716.15966796875,701.2232972866356,716.15966796875,107020,0.0,0.0,0.0
2010-03-08 00:00:00+09:00,726.3793363775818,732.6683349609375,724.0209619088234,732.6683349609375,13500,0.0,0.0,0.0
2010-03-15 00:00:00+09:00,738.1714035050259,744.4604037478802,735.8130284139555,746.0326538085938,6280,0.0,0.0,0.0
2010-03-22 00:00:00+09:00,744.4602863529185,758.6105346679688,744.4602863529185,758.6105346679688,8070,0.0,0.0,0.0
2010-03-29 00:00:00+09:00,752.321492961509,785.3387371667162,752.321492961509,784.5526123046875,5180,0.0,0.0,0.0
2010-04-05 00:00:00+09:00,796.3444852351187,796.3444852351187,779.835863132515,784.5526123046875,97700,0.0,0.0,0.0
2010-04-12 00:00:00+09:00,790.0554783246223,793.1999777408397,778.263605513807,783.7664794921875,75260,0.0,0.0,0.0
2010-04-19 00:00:00+09:00,771.9746861651661,782.1943103201021,766.4718116202006,773.5469360351562,110780,0.0,0.0,0.0
2010-04-26 00:00:00+09:00,782.1941978861798,789.2693212841452,769.6162007342413,780.6219482421875,115910,0.0,0.0,0.0
2010-05-03 00:00:00+09:00,781.4081331848209,787.6971322446585,730.3100158236405,738.1712646484375,412890,0.0,0.0,0.0
2010-05-10 00:00:00+09:00,740.5296258835566,759.3966227213542,733.4545020693824,742.8880004882812,160910,0.0,0.0,0.0
2010-05-17 00:00:00+09:00,733.4545143256753,733.4545143256753,691.0037707312632,695.7205200195312,796450,0.0,0.0,0.0
2010-05-24 00:00:00+09:00,695.7205889079695,700.4373386632777,673.7090900498642,696.5067138671875,425640,0.0,0.0,0.0
2010-05-31 00:00:00+09:00,695.7205380913932,707.512411618366,687.8592890734113,703.581787109375,108240,0.0,0.0,0.0
2010-06-07 00:00:00+09:00,691.7899842497136,691.7899842497136,670.564609732961,686.287109375,360650,0.0,0.0,0.0
2010-06-14 00:00:00+09:00,693.3622529000946,709.0847529658564,692.5761278968066,700.4373779296875,68910,0.0,0.0,0.0
2010-06-21 00:00:00+09:00,711.4431169103976,715.3737418657037,683.9287422232552,687.0732421875,560090,0.0,0.0,0.0
2010-06-28 00:00:00+09:00,691.7898887324732,691.7898887324732,654.8420196751706,658.7726440429688,948170,0.0,0.0,0.0
2010-07-05 00:00:00+09:00,660.3448880103326,685.5008837440596,654.0558890769009,682.3563842773438,134690,0.0,0.0,0.0
2010-07-12 00:00:00+09:00,682.3564148312091,689.4315389481226,659.5587926767103,661.1310424804688,363490,0.0,0.0,0.0
2010-07-19 00:00:00+09:00,659.5587926767103,672.1367911067786,646.1946693447626,661.1310424804688,215520,0.0,0.0,0.0
2010-07-26 00:00:00+09:00,668.9924393774758,680.7843155122139,664.2756889235806,669.778564453125,266100,0.0,0.0,0.0
2010-08-02 00:00:00+09:00,669.7783392886274,679.9979618364587,663.4893407976544,677.6395874023438,33110,0.0,0.0,0.0
2010-08-09 00:00:00+09:00,669.7784684988169,676.0674682030311,642.2640947928795,654.0559692382812,276170,0.0,0.0,0.0
2010-08-16 00:00:00+09:00,645.4086394895991,663.4895148955196,643.8363894543016,652.4837646484375,319730,0.0,0.0,0.0
2010-08-23 00:00:00+09:00,650.1251878691883,650.1251878691883,631.2581932998285,644.622314453125,608360,0.0,0.0,0.0
2010-08-30 00:00:00+09:00,656.4143502900095,661.1311001124527,629.6861012961648,648.5531005859375,349520,0.0,0.0,0.0
2010-09-06 00:00:00+09:00,653.269806968095,661.1310561494199,641.4779331961079,656.414306640625,170240,0.0,0.0,0.0
2010-09-13 00:00:00+09:00,659.5588260127399,673.7090749617618,650.9114516550044,670.5645751953125,747760,0.0,0.0,0.0
2010-09-20 00:00:00+09:00,788.483238666858,788.483238666858,655.6281366382449,657.9865112304688,42090,0.0,0.0,0.0
2010-09-27 00:00:00+09:00,668.206134463439,672.9228836478868,652.4836371819463,657.9865112304688,602070,0.0,0.0,0.0
2010-10-04 00:00:00+09:00,665.0617753606479,673.7091506903963,647.7670247011512,665.847900390625,177720,0.0,0.0,0.0
2010-10-11 00:00:00+09:00,672.1368594821408,672.1368594821408,651.697609954029,655.6282348632812,334100,0.0,0.0,0.0
2010-10-18 00:00:00+09:00,655.6281954738861,664.2755697547167,646.1946962584345,651.6975708007812,105420,0.0,0.0,0.0
2010-10-25 00:00:00+09:00,653.2697163750144,654.0558411841299,644.6223434747434,641.4778442382812,76680,0.0,0.0,0.0
2010-11-01 00:00:00+09:00,641.4778761677046,665.0616216150466,633.6166276852573,662.7032470703125,187550,0.0,0.0,0.0
2010-11-08 00:00:00+09:00,665.8478411401225,680.7842153805739,662.7033413000274,672.1368408203125,75940,0.0,0.0,0.0
2010-11-15 00:00:00+09:00,675.2813903043045,695.7206407675313,666.6340151083239,689.431640625,133040,0.0,0.0,0.0
2010-11-22 00:00:00+09:00,695.7206170891733,697.2928670712957,679.998117267949,687.0732421875,286320,0.0,0.0,0.0
2010-11-29 00:00:00+09:00,691.7899719031849,705.9402213284773,680.7842223501797,697.2928466796875,588730,0.0,0.0,0.0
2010-12-06 00:00:00+09:00,698.8650611928417,707.5124354033269,694.9344365517121,705.940185546875,337330,0.0,0.0,0.0
2010-12-13 00:00:00+09:00,706.7264192815412,719.3044200696444,702.7957940352591,716.946044921875,547990,0.0,0.0,0.0
2010-12-20 00:00:00+09:00,716.9459070226649,720.8765315129207,709.8707829402043,715.3736572265625,174540,0.0,0.0,0.0
2010-12-27 00:00:00+09:00,715.3735801932046,721.6625787003976,712.229080939608,713.8013305664062,91280,0.0,0.0,0.0
2011-01-03 00:00:00+09:00,719.304236427348,735.8128582469919,719.304236427348,735.0267333984375,251130,0.0,0.0,0.0
2011-01-10 00:00:00+09:00,733.4547219566554,742.102098099767,732.6685968527361,734.9955444335938,238250,0.0,0.0,0.0
2011-01-17 00:00:00+09:00,738.9572649959914,740.5295144959829,717.7318967461066,720.0902709960938,466520,0.0,0.0,0.0
2011-01-24 00:00:00+09:00,720.8764755875195,735.812847491732,719.3042259133919,727.9515991210938,135140,0.0,0.0,0.0
2011-01-31 00:00:00+09:00,718.5182172752972,742.8880911653785,713.8014674901202,739.7435913085938,169940,0.0,0.0,0.0
2011-02-07 00:00:00+09:00,746.818802136333,751.5355524656152,741.3159267521705,748.3910522460938,227220,0.0,0.0,0.0
2011-02-14 00:00:00+09:00,755.4660316311583,771.1885296879983,753.8937818254743,770.4024047851562,490460,0.0,0.0,0.0
2011-02-21 00:00:00+09:00,768.8301375488796,770.4023873189183,736.5990172630882,744.4602661132812,414060,0.0,0.0,0.0
2011-02-28 00:00:00+09:00,744.460255189195,761.7550024058394,739.743505948292,755.4660034179688,1454830,0.0,0.0,0.0
2011-03-07 00:00:00+09:00,749.96312470343,751.5353744407538,724.80712890625,724.80712890625,393280,0.0,0.0,0.0
2011-03-14 00:00:00+09:00,665.8478056582148,687.073178447792,552.645817447137,656.414306640625,1316800,0.0,0.0,0.0
2011-03-21 00:00:00+09:00,682.3564512671494,687.8593258741425,672.9229519408755,676.8535766601562,734220,0.0,0.0,0.0
2011-03-28 00:00:00+09:00,677.6396010814402,698.0788465896972,671.350602463515,691.0037231445312,196330,0.0,0.0,0.0
2011-04-04 00:00:00+09:00,694.9343036184686,694.9343036184686,665.8476868380575,680.7840576171875,342280,0.0,0.0,0.0
2011-04-11 00:00:00+09:00,679.99809042055,683.1425902606451,667.42009106017,672.1368408203125,166030,0.0,0.0,0.0
2011-04-18 00:00:00+09:00,672.9229657803363,676.0674656204313,658.7727164999086,672.1368408203125,525330,0.0,0.0,0.0
2011-04-25 00:00:00+09:00,672.9229226878613,679.998046875,664.2755486813584,679.998046875,657770,0.0,0.0,0.0
2011-05-02 00:00:00+09:00,686.2869713276317,692.5759699194084,679.997972735855,684.7147216796875,103770,0.0,0.0,0.0
2011-05-09 00:00:00+09:00,684.7147076716188,691.789830942623,665.8477122822745,671.3505859375,828490,0.0,0.0,0.0
2011-05-16 00:00:00+09:00,667.4199961597809,673.7089949457388,658.7726228290888,662.7032470703125,1009790,0.0,0.0,0.0
2011-05-23 00:00:00+09:00,657.9865270894247,663.4894012705788,649.3391533761826,659.5587768554688,1264230,0.0,0.0,0.0
2011-05-30 00:00:00+09:00,658.77269521237,671.3506941663054,651.6975708007812,651.6975708007812,328860,0.0,0.0,0.0
2011-06-06 00:00:00+09:00,653.2698974609375,657.9866476231103,644.6225221636206,653.2698974609375,270030,0.0,0.0,0.0
2011-06-13 00:00:00+09:00,647.7669282757173,661.1310517959688,641.4779289720695,643.8363037109375,395070,0.0,0.0,0.0
2011-06-20 00:00:00+09:00,645.4085389623102,666.6339111328125,644.6224140671064,666.6339111328125,267490,0.0,0.0,0.0
2011-06-27 00:00:00+09:00,665.0616294570448,685.5008757524149,659.5587554544451,681.5702514648438,240680,0.0,0.0,0.0
2011-07-04 00:00:00+09:00,689.431431842199,704.3678026574803,688.6453070624473,698.8649291992188,359190,0.0,0.0,0.0
2011-07-11 00:00:00+09:00,697.2927078681031,698.0788326796793,674.4950883323928,679.93505859375,184930,0.0,0.0,0.0
2011-07-18 00:00:00+09:00,678.4258672858266,688.6454921696225,676.067492312643,687.0732421875,439250,0.0,0.0,0.0
2011-07-25 00:00:00+09:00,686.2870416540139,688.6454163676016,665.847794136254,667.4200439453125,205080,0.0,0.0,0.0
2011-08-01 00:00:00+09:00,669.7785190738266,679.2120193424721,626.541642842535,634.4028930664062,1387050,0.0,0.0,0.0
2011-08-08 00:00:00+09:00,625.755307926706,627.3275574441099,589.593569026419,607.6744384765625,1084160,0.0,0.0,0.0
2011-08-15 00:00:00+09:00,615.5357504167783,620.2524994621176,593.5242548718616,595.8826293945312,382790,0.0,0.0,0.0
2011-08-22 00:00:00+09:00,591.9520892470331,602.171713629784,586.449214579398,598.2410888671875,717920,0.0,0.0,0.0
2011-08-29 00:00:00+09:00,600.5993995273236,618.6802715026226,595.882650316376,610.0328979492188,253850,0.0,0.0,0.0
2011-09-05 00:00:00+09:00,603.743971456693,605.3162213823614,587.235347237174,599.0272216796875,529930,0.0,0.0,0.0
2011-09-12 00:00:00+09:00,594.3104523689516,610.032951108871,584.876953125,609.246826171875,1687710,0.0,0.0,0.0
2011-09-19 00:00:00+09:00,602.1717738421315,603.7440239043825,588.807648312998,591.9521484375,421090,0.0,0.0,0.0
2011-09-26 00:00:00+09:00,592.7380680612266,628.8998069615136,578.5878224045925,607.6744384765625,742130,0.0,0.0,0.0
2011-10-03 00:00:00+09:00,607.6744775228942,607.6744775228942,578.5878595819536,593.5242309570312,940070,0.0,0.0,0.0
2011-10-10 00:00:00+09:00,602.9578464938587,608.4607212336983,598.2410967168533,599.0272216796875,190530,0.0,0.0,0.0
2011-10-17 00:00:00+09:00,606.1021820431184,610.8189305415085,593.5241860474117,595.096435546875,64500,0.0,0.0,0.0
2011-10-24 00:00:00+09:00,598.2411018352169,622.6109758915792,588.8076022004959,617.8942260742188,318660,0.0,0.0,0.0
2011-10-31 00:00:00+09:00,613.1774166402155,622.6109153577572,589.593669846361,599.8132934570312,328400,0.0,0.0,0.0
2011-11-07 00:00:00+09:00,597.4549359838276,600.5994356469002,580.1601878369272,583.3046875,337310,0.0,0.0,0.0
2011-11-14 00:00:00+09:00,589.5935599095815,594.3103083888582,573.8710649786593,577.0155639648438,406040,0.0,0.0,0.0
2011-11-21 00:00:00+09:00,573.8711442034717,576.2295187686915,563.6515210875194,566.7960205078125,158100,0.0,0.0,0.0
2011-11-28 00:00:00+09:00,572.2988611082368,597.4548550031043,571.5127362990221,593.5242309570312,391030,0.0,0.0,0.0
2011-12-05 00:00:00+09:00,598.2410092207786,601.385508612215,588.0213861986102,590.3797607421875,413820,0.0,0.0,0.0
2011-12-12 00:00:00+09:00,597.4549419377125,599.0271917849171,577.015693924054,577.8018188476562,1485890,0.0,0.0,0.0
2011-12-19 00:00:00+09:00,575.4434440768495,583.304693312872,569.9405696116337,577.8018188476562,964800,0.0,0.0,0.0
2011-12-26 00:00:00+09:00,583.3046344330943,585.6630089658427,573.8711363021009,584.0907592773438,174530,0.0,0.0,0.0
2012-01-02 00:00:00+09:00,584.0907142997588,595.0964612717597,582.5184647323301,585.6629638671875,203160,0.0,0.0,0.0
2012-01-09 00:00:00+09:00,588.8075619103773,589.5936868261456,576.2295632580863,583.3046875,155710,0.0,0.0,0.0
2012-01-16 00:00:00+09:00,578.5879289716951,600.5994262695312,573.8711795507302,600.5994262695312,311440,0.0,0.0,0.0
2012-01-23 00:00:00+09:00,601.3854849848766,610.0328579715872,598.2409857169818,606.1022338867188,790360,0.0,0.0,0.0
2012-01-30 00:00:00+09:00,602.9577186693606,608.4605922426142,597.454845096107,604.5299682617188,118200,0.0,0.0,0.0
2012-02-06 00:00:00+09:00,610.8189964488073,624.183118636233,609.2467467796985,619.4663696289062,570880,0.0,0.0,0.0
2012-02-13 00:00:00+09:00,618.6801969202553,646.1945640005716,617.1079473728087,644.622314453125,374510,0.0,0.0,0.0
2012-02-20 00:00:00+09:00,653.2697488913757,662.7032470703125,646.194625257173,662.7032470703125,193780,0.0,0.0,0.0
2012-02-27 00:00:00+09:00,665.8479246481871,674.4953002929688,655.6282988861724,674.4953002929688,3686810,0.0,0.0,0.0
2012-03-05 00:00:00+09:00,667.4200093114099,677.6396325399709,646.9807628542877,676.0673828125,209300,0.0,0.0,0.0
2012-03-12 00:00:00+09:00,681.570375,688.6455,672.1368749999999,687.859375,142020,0.0,0.0,0.0
2012-03-19 00:00:00+09:00,687.8592099501749,691.0037091956615,677.6395874023438,677.6395874023438,82720,0.0,0.0,0.0
2012-03-26 00:00:00+09:00,679.2119922768878,697.2928670712957,676.8536173037043,687.0732421875,635760,0.0,0.0,0.0
2012-04-02 00:00:00+09:00,692.5759913036125,693.3621161518572,660.3448725255782,662.7032470703125,216660,0.0,0.0,0.0
2012-04-09 00:00:00+09:00,654.0560146837349,658.7727647896272,641.4780144013554,652.4837646484375,240580,0.0,0.0,0.0
2012-04-16 00:00:00+09:00,648.5530710622974,657.986570277749,645.4085713238136,651.6975708007812,98790,0.0,0.0,0.0
2012-04-23 00:00:00+09:00,651.6975151860221,656.4142643912285,640.6917670405404,646.1946411132812,86660,0.0,0.0,0.0
2012-04-30 00:00:00+09:00,650.9114800347222,661.917229697145,632.8306055893132,636.76123046875,215790,0.0,0.0,0.0
2012-05-07 00:00:00+09:00,618.6801850983891,623.3969336506004,607.6744384765625,607.6744384765625,289360,0.0,0.0,0.0
2012-05-14 00:00:00+09:00,609.2468097203504,611.605184467655,580.9463127526955,583.3046875,325880,0.0,0.0,0.0
2012-05-21 00:00:00+09:00,579.3739624023438,589.5935845342711,573.8710889466905,579.3739624023438,356770,0.0,0.0,0.0
2012-05-28 00:00:00+09:00,579.3739803588193,583.3046043775358,567.5821083026697,569.1543579101562,265410,0.0,0.0,0.0
2012-06-04 00:00:00+09:00,558.1485544006681,586.4490444829555,555.0040555026362,575.4432983398438,327580,0.0,0.0,0.0
2012-06-11 00:00:00+09:00,584.8769214527027,588.0214210304055,574.6572978251689,581.732421875,105020,0.0,0.0,0.0
2012-06-18 00:00:00+09:00,595.0965519450722,606.1023005939903,588.0214278136249,600.5994262695312,241550,0.0,0.0,0.0
2012-06-25 00:00:00+09:00,604.5300939086137,620.252593099995,588.8075947172323,617.1080932617188,76790,0.0,0.0,0.0
2012-07-02 00:00:00+09:00,624.1831266647358,627.3276260433995,617.1080030627426,620.2525024414062,99220,0.0,0.0,0.0
2012-07-09 00:00:00+09:00,613.1775242778884,617.1081494335159,588.807648312998,591.9521484375,164600,0.0,0.0,0.0
2012-07-16 00:00:00+09:00,591.2916794794637,594.3104201858108,581.732421875,581.732421875,51950,0.0,0.0,0.0
2012-07-23 00:00:00+09:00,576.2294230643517,578.5877972378757,557.3624296761602,575.4432983398438,229550,0.0,0.0,0.0
2012-07-30 00:00:00+09:00,580.1601537417059,584.0907780895494,570.7266553068814,573.8711547851562,187040,0.0,0.0,0.0
2012-08-06 00:00:00+09:00,581.7325306697612,597.4550314986737,581.7325306697612,592.73828125,686110,0.0,0.0,0.0
2012-08-13 00:00:00+09:00,592.7382834694602,606.8885342684658,588.8076582475142,605.3162841796875,243090,0.0,0.0,0.0
2012-08-20 00:00:00+09:00,608.4606833065257,610.8190580480239,598.2410594267003,601.3855590820312,59200,0.0,0.0,0.0
2012-08-27 00:00:00+09:00,602.9578409996136,603.7439659552846,580.1602172851562,580.1602172851562,69490,0.0,0.0,0.0
2012-09-03 00:00:00+09:00,580.1601720861487,584.8769214527027,566.7960488809122,581.732421875,217850,0.0,0.0,0.0
2012-09-10 00:00:00+09:00,583.3047147693208,601.3855886772646,577.8018401016857,598.2410888671875,781300,0.0,0.0,0.0
2012-09-17 00:00:00+09:00,599.0271764625429,609.2468002079669,585.6630531031424,600.5994262695312,948820,0.0,0.0,0.0
2012-09-24 00:00:00+09:00,599.027171905028,600.5994217000543,586.4491735448174,588.0214233398438,231040,0.0,0.0,0.0
2012-10-01 00:00:00+09:00,586.4491313038526,595.8826293945312,580.1601325767335,595.8826293945312,879640,0.0,0.0,0.0
2012-10-08 00:00:00+09:00,588.8074186564795,589.5935433809875,569.1543005437799,575.4432983398438,354190,0.0,0.0,0.0
2012-10-15 00:00:00+09:00,576.2295769364458,603.7439496414602,572.2989522643009,602.9578247070312,131410,0.0,0.0,0.0
2012-10-22 00:00:00+09:00,593.524398499751,606.102398997759,591.9521484375,591.9521484375,192390,0.0,0.0,0.0
2012-10-29 00:00:00+09:00,593.524317728944,602.1716918945312,587.2353183357897,602.1716918945312,347000,0.0,0.0,0.0
2012-11-05 00:00:00+09:00,602.9577091089031,602.9577091089031,581.7323399486158,585.6629638671875,142560,0.0,0.0,0.0
2012-11-12 00:00:00+09:00,581.7324285856716,602.1716760765196,574.6573044542242,600.5994262695312,272670,0.0,0.0,0.0
2012-11-19 00:00:00+09:00,607.6745724448674,622.6109461530854,607.6745724448674,621.0386962890625,337440,0.0,0.0,0.0
2012-11-26 00:00:00+09:00,628.113623077546,630.4719971316543,617.1078774917066,625.7552490234375,299310,0.0,0.0,0.0
2012-12-03 00:00:00+09:00,628.9000399392145,633.6167902387585,621.0387894399743,630.4722900390625,106630,0.0,0.0,0.0
2012-12-10 00:00:00+09:00,634.4027655974068,643.0501391061694,627.32764181751,639.9056396484375,344730,0.0,0.0,0.0
2012-12-17 00:00:00+09:00,650.125326713392,680.7841994362727,646.1947020053304,670.5645751953125,952350,0.0,0.0,0.0
2012-12-24 00:00:00+09:00,678.4259731639515,691.7901000976562,671.3508471402255,691.7901000976562,189340,0.0,0.0,0.0
2012-12-31 00:00:00+09:00,714.5875697025522,718.5181943983858,705.9401953717182,713.0153198242188,353600,0.0,0.0,0.0
2013-01-07 00:00:00+09:00,715.3736572265625,722.448781309023,690.2176604889252,715.3736572265625,348720,0.0,0.0,0.0
2013-01-14 00:00:00+09:00,723.2348473243464,724.8070969924429,698.8649774688522,721.66259765625,232310,7.2,0.0,0.0
2013-01-21 00:00:00+09:00,733.7063177905037,734.4986572265625,705.9744375284436,734.4986572265625,297250,0.0,0.0,0.0
2013-01-28 00:00:00+09:00,741.6296381589746,759.8534433701459,728.9522084468553,754.3070678710938,185250,0.0,0.0,0.0
2013-02-04 00:00:00+09:00,762.230419241607,780.4542234438492,751.9300081707745,767.7767944335938,288340,0.0,0.0,0.0
2013-02-11 00:00:00+09:00,780.4542429542141,783.6236002860079,744.7989729715342,755.8917236328125,303210,0.0,0.0,0.0
2013-02-18 00:00:00+09:00,764.60742970002,782.0388944185696,759.8533938676883,772.5308227539062,293550,0.0,0.0,0.0
2013-02-25 00:00:00+09:00,783.6236075282576,789.9623222504275,764.6074633617477,789.1699829101562,457270,0.0,0.0,0.0
2013-03-04 00:00:00+09:00,796.301010442034,819.2788505443415,790.7546352449253,818.4865112304688,439640,0.0,0.0,0.0
2013-03-11 00:00:00+09:00,829.5792431938917,843.841350526738,824.032868120007,843.0490112304688,391400,0.0,0.0,0.0
2013-03-18 00:00:00+09:00,831.9561541307108,851.7646339909659,824.8251013810191,833.5408325195312,616120,0.0,0.0,0.0
2013-03-25 00:00:00+09:00,844.6336358400283,847.8029928225425,831.9562079099717,838.294921875,366240,0.0,0.0,0.0
2013-04-01 00:00:00+09:00,832.7486894831937,899.3051974913653,785.2083266202142,862.0652465820312,719970,0.0,0.0,0.0
2013-04-08 00:00:00+09:00,889.7971713896301,930.9988213560243,877.1197406307396,930.2064819335938,966900,0.0,0.0,0.0
2013-04-15 00:00:00+09:00,926.2447328037686,927.8294115596347,894.5511576864454,912.7749633789062,345010,0.0,0.0,0.0
2013-04-22 00:00:00+09:00,927.8291874237703,950.8070238330696,923.8674914911326,938.9219360351562,810650,0.0,0.0,0.0
2013-04-29 00:00:00+09:00,935.7529383103391,946.0533516871676,927.0372039145612,930.9989013671875,194110,0.0,0.0,0.0
2013-05-06 00:00:00+09:00,929.4139268004778,979.331298828125,920.698195176603,979.331298828125,906670,0.0,0.0,0.0
2013-05-13 00:00:00+09:00,988.8394775390625,1018.1560325622559,988.8394775390625,1014.1943359375,678220,0.0,0.0,0.0
2013-05-20 00:00:00+09:00,1024.4948682519691,1042.7186748798076,930.2064774383695,968.23876953125,1626200,0.0,0.0,0.0
2013-05-27 00:00:00+09:00,940.5066190868846,968.238490753305,911.9824082299951,921.490478515625,1978660,0.0,0.0,0.0
2013-06-03 00:00:00+09:00,907.2288480536882,921.4909609488553,835.1259439725654,851.7650756835938,1570420,0.0,0.0,0.0
2013-06-10 00:00:00+09:00,887.4200558242585,904.8515212065207,840.6720350263735,854.9341430664062,1111610,0.0,0.0,0.0
2013-06-17 00:00:00+09:00,852.5570366171665,899.3050525655057,847.8030010969965,886.6276245117188,885380,0.0,0.0,0.0
2013-06-24 00:00:00+09:00,900.889808714235,923.0753097203904,862.0651819534633,915.1519165039062,802770,0.0,0.0,0.0
2013-07-01 00:00:00+09:00,926.2450455440917,961.9003295898438,914.3599508621744,961.9003295898438,968720,0.0,0.0,0.0
2013-07-08 00:00:00+09:00,974.5775272453739,975.3698666984188,948.4303252948882,967.4464721679688,389200,0.0,0.0,0.0
2013-07-15 00:00:00+09:00,969.8233983262561,990.4242221469119,963.4846833045159,973.7850952148438,3236990,7.9,0.0,0.0
2013-07-22 00:00:00+09:00,989.6965592799049,990.494058521871,942.6441040039061,942.6441040039062,501440,0.0,0.0,0.0
2013-07-29 00:00:00+09:00,920.3144569459818,968.1644287109375,910.7444625929905,968.1644287109375,870970,0.0,0.0,0.0
2013-08-05 00:00:00+09:00,958.5942499420113,967.36674307792,919.5167805184185,926.6942749023438,1255250,0.0,0.0,0.0
2013-08-12 00:00:00+09:00,917.1240818922225,948.2265507563935,913.1365858839955,924.3015747070312,1254140,0.0,0.0,0.0
2013-08-19 00:00:00+09:00,921.9089887489233,930.681479126292,899.579013242894,925.896484375,736120,0.0,0.0,0.0
2013-08-26 00:00:00+09:00,929.0864539889492,929.0864539889492,893.996493494946,895.5914916992188,497930,0.0,0.0,0.0
2013-09-02 00:00:00+09:00,897.9841253107244,941.0490833629261,897.1866260875355,929.8840942382812,725880,0.0,0.0,0.0
2013-09-09 00:00:00+09:00,977.7339459289349,980.9239424898775,944.2389820390366,960.18896484375,646160,0.0,0.0,0.0
2013-09-16 00:00:00+09:00,963.378993880103,988.8989672279204,955.4040022089101,986.5064697265625,1027020,0.0,0.0,0.0
2013-09-23 00:00:00+09:00,978.5316234723548,998.4691056131933,971.354129901653,992.089111328125,1101670,0.0,0.0,0.0
2013-09-30 00:00:00+09:00,978.5314410999981,982.5189367850021,943.4414790719622,949.8214721679688,799800,0.0,0.0,0.0
2013-10-07 00:00:00+09:00,948.2264470119103,979.3289124731924,929.0864682665058,976.138916015625,578700,0.0,0.0,0.0
2013-10-14 00:00:00+09:00,982.5189819335938,988.1014761491256,972.948991849825,982.5189819335938,421600,0.0,0.0,0.0
2013-10-21 00:00:00+09:00,985.709034174829,996.8740232350616,960.9865583985994,961.7840576171875,812100,0.0,0.0,0.0
2013-10-28 00:00:00+09:00,972.1515251638078,985.7090115688815,960.9865363596296,966.5690307617188,952750,0.0,0.0,0.0
2013-11-04 00:00:00+09:00,973.7465261711444,976.9365229808778,954.6065453127435,959.3915405273438,798150,0.0,0.0,0.0
2013-11-11 00:00:00+09:00,968.961585485888,1012.0265448408164,962.5815915073802,1008.8365478515625,1049380,0.0,0.0,0.0
2013-11-18 00:00:00+09:00,1014.4189980789938,1026.3814862638876,1004.8490075310788,1018.406494140625,1537540,0.0,0.0,0.0
2013-11-25 00:00:00+09:00,1024.7863631893651,1027.976359650655,1016.013872920818,1025.5838623046875,672230,0.0,0.0,0.0
2013-12-02 00:00:00+09:00,1025.5840320451457,1032.761525270967,999.2665568838006,1008.8365478515625,1007500,0.0,0.0,0.0
2013-12-09 00:00:00+09:00,1020.7989608017378,1025.583955930496,1003.2539786629579,1009.6339721679688,1286410,0.0,0.0,0.0
2013-12-16 00:00:00+09:00,1012.0265907619311,1035.1540699834409,996.8741043754246,1027.1790771484375,1685000,0.0,0.0,0.0
2013-12-23 00:00:00+09:00,1031.1664955832741,1052.698974609375,1020.7990056818181,1052.698974609375,1198540,0.0,0.0,0.0
2013-12-30 00:00:00+09:00,1061.471543687242,1062.26904296875,1057.4840472797016,1062.26904296875,309000,0.0,0.0,0.0
2014-01-06 00:00:00+09:00,1060.673855701125,1065.4588505388742,1045.5213720482516,1059.078857421875,1574910,0.0,0.0,0.0
2014-01-13 00:00:00+09:00,1035.1539916992188,1059.8764676180751,1025.5840010209517,1052.698974609375,1380130,8.5,0.0,0.0
2014-01-20 00:00:00+09:00,1059.5478538406396,1065.9693559851282,1026.6376553501348,1032.2564697265625,1245140,0.0,0.0,0.0
2014-01-27 00:00:00+09:00,1004.1623575583413,1025.834926426507,988.1086028411817,993.7274169921875,1354510,0.0,0.0,0.0
2014-02-03 00:00:00+09:00,988.9114672185174,992.9249066146964,929.5125641550675,970.4496459960938,1386650,0.0,0.0,0.0
2014-02-10 00:00:00+09:00,988.1086187830391,1000.1489350151638,957.6064843283231,965.6333618164062,823790,0.0,0.0,0.0
2014-02-17 00:00:00+09:00,965.6333947154849,1000.1489690901863,956.8038291777705,997.7409057617188,1528080,0.0,0.0,0.0
2014-02-24 00:00:00+09:00,996.9381609660824,1007.3731014592861,980.8844063611535,987.305908203125,1081910,0.0,0.0,0.0
2014-03-03 00:00:00+09:00,979.2789499894342,1012.9918318743164,962.4225090469931,1008.9783935546875,983990,0.0,0.0,0.0
2014-03-10 00:00:00+09:00,1004.1623746154681,1008.9785011124249,948.7769199004664,951.9876708984375,1351950,0.0,0.0,0.0
2014-03-17 00:00:00+09:00,947.9741531293552,963.2252190984134,935.131150208043,935.933837890625,753930,0.0,0.0,0.0
2014-03-24 00:00:00+09:00,939.1446343783675,977.6736450195314,939.1446343783675,977.6736450195312,688380,0.0,0.0,0.0
2014-03-31 00:00:00+09:00,986.5029192131428,1007.3727938262768,979.278731847058,1000.9512939453125,934490,0.0,0.0,0.0
2014-04-07 00:00:00+09:00,989.7139278035307,992.9246785831042,923.0908491273806,935.1311645507812,1526220,0.0,0.0,0.0
2014-04-14 00:00:00+09:00,928.7094769145167,967.2384785496911,928.7094769145167,966.435791015625,1316650,0.0,0.0,0.0
2014-04-21 00:00:00+09:00,968.0414071655274,973.6602213033041,955.1984034220378,963.2252807617188,418510,0.0,0.0,0.0
2014-04-28 00:00:00+09:00,954.395831404495,973.6603393554688,949.5797044167515,973.6603393554688,246890,0.0,0.0,0.0
2014-05-05 00:00:00+09:00,961.6200095983775,964.8307608825123,947.9743166408045,960.8173217773438,397620,0.0,0.0,0.0
2014-05-12 00:00:00+09:00,958.4091006646529,974.4628544446304,947.9741607076676,956.0010375976562,653250,0.0,0.0,0.0
2014-05-19 00:00:00+09:00,956.0009494749968,977.6735150802234,941.5525724048457,971.2520141601562,1238570,0.0,0.0,0.0
2014-05-26 00:00:00+09:00,980.0817505972726,992.9247547001033,979.2790628408457,988.9113159179688,509190,0.0,0.0,0.0
2014-06-02 00:00:00+09:00,997.7406536599865,1020.2159057134696,997.7406536599865,1015.3997802734375,668780,0.0,0.0,0.0
2014-06-09 00:00:00+09:00,1022.6243141084559,1026.6377533318016,1009.78130859375,1023.427001953125,542590,0.0,0.0,0.0
2014-06-16 00:00:00+09:00,1023.4266323643772,1049.112634117836,1013.7943817068301,1044.2965087890625,864010,0.0,0.0,0.0
2014-06-23 00:00:00+09:00,1047.5074425813193,1049.1128179722484,1025.8348748037747,1030.6510009765625,642600,0.0,0.0,0.0
2014-06-30 00:00:00+09:00,1036.2699346006912,1063.5613194003995,1029.8484322948775,1057.9425048828125,1120380,0.0,0.0,0.0
2014-07-07 00:00:00+09:00,1057.9424010234557,1061.1531518611596,1028.242955774694,1033.05908203125,843380,0.0,0.0,0.0
2014-07-14 00:00:00+09:00,1029.045718654318,1045.902161783601,1024.2295920459514,1032.2564697265625,283320,10.9,0.0,0.0
2014-07-21 00:00:00+09:00,1046.6716084096622,1056.385498046875,1043.433645197258,1056.385498046875,253030,0.0,0.0,0.0
2014-07-28 00:00:00+09:00,1053.9567398141392,1071.7655326527804,1053.1472492305645,1057.1947021484375,802770,0.0,0.0,0.0
2014-08-04 00:00:00+09:00,1053.1475955853448,1056.385558984531,1009.4350896963297,1013.4825439453125,1742250,0.0,0.0,0.0
2014-08-11 00:00:00+09:00,1030.4815323842918,1049.0998161587133,1023.1961169943006,1047.4808349609375,417300,0.0,0.0,0.0
2014-08-18 00:00:00+09:00,1048.2903796479902,1067.7181550237058,1045.8619077260257,1060.4327392578125,1302180,0.0,0.0,0.0
2014-08-25 00:00:00+09:00,1064.480084617902,1065.2895751765468,1051.5282356795854,1053.147216796875,425090,0.0,0.0,0.0
2014-09-01 00:00:00+09:00,1055.575701376375,1077.4319467269595,1054.766210807835,1066.9085693359375,387220,0.0,0.0,0.0
2014-09-08 00:00:00+09:00,1069.3369701217161,1084.717289903936,1065.2895175474475,1082.288818359375,440380,0.0,0.0,0.0
2014-09-15 00:00:00+09:00,1080.6699246615829,1100.907189168354,1075.812981179958,1099.2882080078125,760200,0.0,0.0,0.0
2014-09-22 00:00:00+09:00,1100.9073803800368,1109.811778309581,1088.7650195670217,1104.954833984375,865800,0.0,0.0,0.0
2014-09-29 00:00:00+09:00,1113.0495811706264,1113.0495811706264,1057.1947294609733,1063.670654296875,1642930,0.0,0.0,0.0
2014-10-06 00:00:00+09:00,1079.8604512117347,1082.2889229910716,1025.6245814732142,1031.291015625,1506520,0.0,0.0,0.0
2014-10-13 00:00:00+09:00,1007.8161719537551,1016.7205718665995,977.0555177093834,978.6744995117188,2653360,0.0,0.0,0.0
2014-10-20 00:00:00+09:00,1002.9588448660714,1039.3859215561224,997.2924107142858,1031.291015625,965370,0.0,0.0,0.0
2014-10-27 00:00:00+09:00,1037.766795517671,1110.62093872874,1033.719343117056,1106.573486328125,1536420,0.0,0.0,0.0
2014-11-03 00:00:00+09:00,1157.5717084612165,1160.809671282087,1122.7636081368582,1133.2869873046875,1707750,0.0,0.0,0.0
2014-11-10 00:00:00+09:00,1125.1919774405228,1165.6665090031315,1123.5729961780185,1163.238037109375,1045870,0.0,0.0,0.0
2014-11-17 00:00:00+09:00,1155.9526635810194,1169.7140048141266,1130.0489624363465,1162.4285888671875,1200280,0.0,0.0,0.0
2014-11-24 00:00:00+09:00,1170.5234375,1172.9519093620331,1154.3336250864454,1170.5234375,841900,0.0,0.0,0.0
2014-12-01 00:00:00+09:00,1172.1426755836985,1200.474853515625,1172.1426755836985,1200.474853515625,1075990,0.0,0.0,0.0
2014-12-08 00:00:00+09:00,1207.7600218282446,1208.5695124594968,1144.619752590575,1163.238037109375,2026330,0.0,0.0,0.0
2014-12-15 00:00:00+09:00,1147.857778215705,1171.3330078125,1116.2876418613944,1171.3330078125,1077390,0.0,0.0,0.0
2014-12-22 00:00:00+09:00,1175.3802671757758,1187.522625307757,1168.094852296587,1186.713134765625,804980,0.0,0.0,0.0
2014-12-29 00:00:00+09:00,1191.570274706289,1192.3797653820404,1169.714026460997,1171.3330078125,335110,0.0,0.0,0.0
2015-01-05 00:00:00+09:00,1164.0473970508779,1172.1423024545695,1124.382360572788,1147.048095703125,1498540,0.0,0.0,0.0
2015-01-12 00:00:00+09:00,1133.2870516402309,1143.00094065429,1105.7643661003965,1122.763671875,1188050,13.8,0.0,0.0
2015-01-19 00:00:00+09:00,1140.4896479067595,1166.6514176078465,1134.7667607846467,1165.8338623046875,1035700,0.0,0.0,0.0
2015-01-26 00:00:00+09:00,1154.3878746880425,1191.9954116821289,1152.752764383952,1177.2794189453125,558960,0.0,0.0,0.0
2015-02-02 00:00:00+09:00,1163.381172810223,1183.8200549748437,1151.9353987980353,1178.09716796875,894590,0.0,0.0,0.0
2015-02-09 00:00:00+09:00,1187.9075649284782,1209.9815527144858,1179.7320138966236,1204.2586669921875,870070,0.0,0.0,0.0
2015-02-16 00:00:00+09:00,1211.6166860997912,1248.4066664469508,1207.5289105056625,1247.589111328125,1934200,0.0,0.0,0.0
2015-02-23 00:00:00+09:00,1254.9472431798135,1271.2983473254787,1242.6839150705646,1267.2105712890625,389660,0.0,0.0,0.0
2015-03-02 00:00:00+09:00,1269.6632858023029,1280.29150390625,1250.859515310704,1280.29150390625,1171480,0.0,0.0,0.0
2015-03-09 00:00:00+09:00,1275.3862833556361,1303.1831638903102,1259.0351771587689,1298.27783203125,545070,0.0,0.0,0.0
2015-03-16 00:00:00+09:00,1295.0074379280823,1317.8989835480231,1292.5547723259458,1312.99365234375,1167860,0.0,0.0,0.0
2015-03-23 00:00:00+09:00,1317.8990061896018,1326.07455833718,1288.4670184583204,1300.7303466796875,1020860,0.0,0.0,0.0
2015-03-30 00:00:00+09:00,1302.3656348753511,1322.804518034098,1272.1160878004057,1309.7236328125,2293370,0.0,0.0,0.0
2015-04-06 00:00:00+09:00,1299.9125437356213,1338.3376315064227,1295.8247684408552,1332.61474609375,896970,0.0,0.0,0.0
2015-04-13 00:00:00+09:00,1333.4324736106314,1341.608025257539,1321.16914614027,1331.79736328125,966120,0.0,0.0,0.0
2015-04-20 00:00:00+09:00,1320.3517163763288,1369.4050309166257,1313.8112744376224,1355.506591796875,691810,0.0,0.0,0.0
2015-04-27 00:00:00+09:00,1357.1419035456731,1366.1350125450722,1317.0816907301682,1328.5274658203125,955270,0.0,0.0,0.0
2015-05-04 00:00:00+09:00,1317.0811999736388,1334.2498562116566,1316.2636449146855,1332.61474609375,277210,0.0,0.0,0.0
2015-05-11 00:00:00+09:00,1348.148466274776,1350.601131768302,1330.1622526555857,1345.69580078125,638610,0.0,0.0,0.0
2015-05-18 00:00:00+09:00,1349.7838496134223,1387.391394787388,1349.7838496134223,1380.8509521484375,548980,0.0,0.0,0.0
2015-05-25 00:00:00+09:00,1385.7561732090082,1408.647720613051,1384.9386179445783,1400.47216796875,709850,0.0,0.0,0.0
2015-06-01 00:00:00+09:00,1394.7494822904478,1410.2830345551126,1390.6617053786938,1397.2021484375,756480,0.0,0.0,0.0
2015-06-08 00:00:00+09:00,1402.9249889826676,1402.9249889826676,1362.0472212384173,1384.1212158203125,1000700,0.0,0.0,0.0
2015-06-15 00:00:00+09:00,1373.4926110271058,1385.7559379112763,1355.5063982636555,1368.5872802734375,537020,0.0,0.0,0.0
2015-06-22 00:00:00+09:00,1367.770055916907,1413.5531540229124,1367.770055916907,1398.837158203125,793200,0.0,0.0,0.0
2015-06-29 00:00:00+09:00,1358.7765417588496,1389.8436347713864,1356.3238765210176,1385.755859375,2504610,0.0,0.0,0.0
2015-07-06 00:00:00+09:00,1363.682346454327,1380.0334537259614,1278.6565886418268,1328.5274658203125,1798130,0.0,0.0,0.0
2015-07-13 00:00:00+09:00,1344.060933863863,1386.5738101174645,1339.9731573010167,1383.3035888671875,528470,11.3,0.0,0.0
2015-07-20 00:00:00+09:00,1401.7248844854494,1404.1941590911194,1386.9092368514282,1388.555419921875,509670,0.0,0.0,0.0
2015-07-27 00:00:00+09:00,1378.6783214991942,1391.024694527545,1352.3393923720455,1388.555419921875,573650,0.0,0.0,0.0
2015-08-03 00:00:00+09:00,1391.8476478362752,1415.7172999872225,1381.147458941023,1409.132568359375,689520,0.0,0.0,0.0
2015-08-10 00:00:00+09:00,1405.017112097276,1428.0636728112324,1384.439825745529,1395.1400146484375,781110,0.0,0.0,0.0
2015-08-17 00:00:00+09:00,1402.5480494320839,1406.6635073236098,1319.4158000232574,1320.2388916015625,1128570,0.0,0.0,0.0
2015-08-24 00:00:00+09:00,1290.6072499406268,1305.422894391476,1183.6053733511617,1299.6612548828125,2916740,0.0,0.0,0.0
2015-08-31 00:00:00+09:00,1294.7227102824804,1295.5458016431178,1198.4210210879157,1212.41357421875,1257550,0.0,0.0,0.0
2015-09-07 00:00:00+09:00,1205.8290188070794,1264.268513916501,1186.074823277134,1242.0450439453125,815820,0.0,0.0,0.0
2015-09-14 00:00:00+09:00,1247.806685787743,1253.5683261574752,1223.9370328274233,1228.052490234375,401700,0.0,0.0,0.0
2015-09-21 00:00:00+09:00,1209.1212802280313,1221.4676513671875,1193.4825434517668,1221.4676513671875,825210,0.0,0.0,0.0
2015-09-28 00:00:00+09:00,1226.40619982285,1229.6985654599584,1158.0896128528523,1221.4676513671875,1810710,0.0,0.0,0.0
2015-10-05 00:00:00+09:00,1234.6371406903977,1280.7302606095059,1227.2293178462553,1278.260986328125,637400,0.0,0.0,0.0
2015-10-12 00:00:00+09:00,1273.3224524044297,1279.9071838971481,1236.2833377578884,1271.67626953125,411610,0.0,0.0,0.0
2015-10-19 00:00:00+09:00,1270.8533645341981,1315.3003086306014,1258.5069911740861,1308.715576171875,553480,0.0,0.0,0.0
2015-10-26 00:00:00+09:00,1325.1775432154864,1326.823726498984,1298.8386106795263,1316.12353515625,452160,0.0,0.0,0.0
2015-11-02 00:00:00+09:00,1299.6612699419538,1323.5309196115654,1287.3148994231892,1321.0616455078125,560860,0.0,0.0,0.0
2015-11-09 00:00:00+09:00,1332.5852180499703,1351.516323680081,1327.6466687551588,1339.9930419921875,802940,0.0,0.0,0.0
2015-11-16 00:00:00+09:00,1314.4770272290352,1360.5701477830903,1313.65393579057,1352.3392333984375,381130,0.0,0.0,0.0
2015-11-23 00:00:00+09:00,1353.1623684386461,1358.1009172285683,1344.108362323789,1346.57763671875,232790,0.0,0.0,0.0
2015-11-30 00:00:00+09:00,1347.4006788108338,1357.2777760287508,1326.0003015053471,1327.646484375,1233090,0.0,0.0,0.0
2015-12-07 00:00:00+09:00,1341.639238465507,1348.2239709242335,1297.1922943691038,1308.715576171875,644330,0.0,0.0,0.0
2015-12-14 00:00:00+09:00,1283.1998174353491,1351.5164209293414,1270.0303517015675,1300.4847412109375,1114830,0.0,0.0,0.0
2015-12-21 00:00:00+09:00,1292.253381096612,1313.6537555606321,1277.4377372369056,1280.7301025390625,295740,0.0,0.0,0.0
2015-12-28 00:00:00+09:00,1289.7842862689915,1315.300120904817,1286.4919205095302,1310.361572265625,165320,0.0,0.0,0.0
2016-01-04 00:00:00+09:00,1297.192015373491,1307.0691119372484,1218.1752428634306,1227.229248046875,1242430,0.0,0.0,0.0
2016-01-11 00:00:00+09:00,1207.4752046360795,1215.7061194597748,1158.912807176278,1175.8931884765625,1044070,12.8,0.0,0.0
2016-01-18 00:00:00+09:00,1165.2496309948922,1180.1993767952542,1101.2979406266763,1161.096923828125,1280480,0.0,0.0,0.0
2016-01-25 00:00:00+09:00,1184.3516476498637,1235.845197547684,1149.4689202997274,1219.234375,781630,0.0,0.0,0.0
2016-02-01 00:00:00+09:00,1234.1843868572596,1239.167634718056,1145.3164666730559,1159.4356689453125,673710,0.0,0.0,0.0
2016-02-08 00:00:00+09:00,1143.6554559431147,1175.2160277120604,1009.9382966062653,1014.0910034179688,1263480,0.0,0.0,0.0
2016-02-15 00:00:00+09:00,1063.0926356221548,1118.738890768002,1057.278847771096,1094.6531982421875,479230,0.0,0.0,0.0
2016-02-22 00:00:00+09:00,1086.3481620480661,1126.2141496461604,1072.2289581070745,1111.264404296875,526050,0.0,0.0,0.0
2016-02-29 00:00:00+09:00,1124.5528886425573,1165.2494112005227,1087.1785311913643,1161.92724609375,476920,0.0,0.0,0.0
2016-03-07 00:00:00+09:00,1164.4189099068249,1164.4189099068249,1119.5696794253922,1151.1302490234375,474360,0.0,0.0,0.0
2016-03-14 00:00:00+09:00,1166.0797319474834,1172.7240609044493,1129.535922684172,1138.671875,302870,0.0,0.0,0.0
2016-03-21 00:00:00+09:00,1151.9609154729342,1166.0801191953856,1141.9944187276744,1155.2830810546875,334720,0.0,0.0,0.0
2016-03-28 00:00:00+09:00,1164.4190544276673,1178.538258368659,1108.772780071994,1111.264404296875,617880,0.0,0.0,0.0
2016-04-04 00:00:00+09:00,1111.2641230365332,1121.2306174135424,1068.0759807361596,1097.9754638671875,551220,0.0,0.0,0.0
2016-04-11 00:00:00+09:00,1094.6534467549584,1170.2327059770382,1078.0426205523036,1159.4356689453125,482980,0.0,0.0,0.0
2016-04-18 00:00:00+09:00,1122.0614792323556,1202.6239984666552,1121.2309377969507,1201.79345703125,386470,0.0,0.0,0.0
2016-04-25 00:00:00+09:00,1204.28509286904,1206.7767171991138,1133.6890701836135,1145.316650390625,332290,0.0,0.0,0.0
2016-05-02 00:00:00+09:00,1120.4002113998515,1120.4002113998515,1095.4839724510039,1110.4337158203125,226520,0.0,0.0,0.0
2016-05-09 00:00:00+09:00,1117.9083340175032,1156.1132250760509,1112.9250873576927,1126.2137451171875,524460,0.0,0.0,0.0
2016-05-16 00:00:00+09:00,1127.8749938169885,1155.282854491481,1125.3833701193075,1147.8079833984375,360640,0.0,0.0,0.0
2016-05-23 00:00:00+09:00,1142.8248857393733,1160.2662539083608,1127.0446002531464,1152.7913818359375,316290,0.0,0.0,0.0
2016-05-30 00:00:00+09:00,1161.9274031173352,1179.3687722849293,1136.1806200604108,1142.824951171875,334040,0.0,0.0,0.0
2016-06-06 00:00:00+09:00,1124.5530841671236,1153.6220339055646,1120.400377061632,1136.1806640625,420800,0.0,0.0,0.0
2016-06-13 00:00:00+09:00,1115.4170808969818,1115.4170808969818,1058.1097252887228,1069.7373046875,1145930,0.0,0.0,0.0
2016-06-20 00:00:00+09:00,1086.3480207806174,1117.908590191675,1018.2436341567561,1025.718505859375,2796360,0.0,0.0,0.0
2016-06-27 00:00:00+09:00,1043.9903571071964,1082.1952548215409,1024.0573669953644,1072.228759765625,1629430,0.0,0.0,0.0
2016-07-04 00:00:00+09:00,1068.0760192381244,1080.5341376584759,1034.8543701171875,1034.8543701171875,1735160,0.0,0.0,0.0
2016-07-11 00:00:00+09:00,1059.770657436677,1122.0612525054473,1059.770657436677,1114.8272705078125,997520,14.3,0.0,0.0
2016-07-18 00:00:00+09:00,1134.9860932006384,1152.6153150624828,1126.5912256473794,1134.1466064453125,956770,0.0,0.0,0.0
2016-07-25 00:00:00+09:00,1138.3442190404276,1145.899601025209,1101.4067960037175,1129.10986328125,987520,0.0,0.0,0.0
2016-08-01 00:00:00+09:00,1113.9987440050745,1133.3069362523365,1080.4192792272274,1094.6905517578125,982610,0.0,0.0,0.0
2016-08-08 00:00:00+09:00,1109.801508604464,1135.8255984431466,1108.1225350664845,1132.4676513671875,381620,0.0,0.0,0.0
2016-08-15 00:00:00+09:00,1128.2700021322971,1131.6279485672146,1102.2459172616861,1107.2828369140625,975660,0.0,0.0,0.0
2016-08-22 00:00:00+09:00,1112.3199346677457,1120.7148020992001,1100.567120263709,1102.24609375,643230,0.0,0.0,0.0
2016-08-29 00:00:00+09:00,1124.9122272483082,1148.4178558773774,1119.8753068277936,1147.578369140625,592600,0.0,0.0,0.0
2016-09-05 00:00:00+09:00,1161.0100150265077,1162.6889882948035,1145.059768977698,1149.2572021484375,467010,0.0,0.0,0.0
2016-09-12 00:00:00+09:00,1134.9860909181148,1137.5045511790277,1109.801488308985,1123.2332763671875,342040,0.0,0.0,0.0
2016-09-19 00:00:00+09:00,1117.3567842486298,1158.4916320534253,1116.517297558736,1153.4547119140625,604420,0.0,0.0,0.0
2016-09-26 00:00:00+09:00,1152.6153732547002,1162.6892148272102,1124.072822132588,1140.0230712890625,633640,0.0,0.0,0.0
2016-10-03 00:00:00+09:00,1150.096777273291,1173.6024048380007,1146.7388304783324,1163.528564453125,461270,0.0,0.0,0.0
2016-10-10 00:00:00+09:00,1167.7258845470442,1176.1207507192012,1154.294098671593,1162.68896484375,284090,0.0,0.0,0.0
2016-10-17 00:00:00+09:00,1161.0100802042004,1184.5157072799182,1159.3311068416492,1176.9603271484375,648520,0.0,0.0,0.0
2016-10-24 00:00:00+09:00,1179.4788864423642,1201.3055419921875,1174.4419659308667,1201.3055419921875,919320,0.0,0.0,0.0
2016-10-31 00:00:00+09:00,1197.1079161495938,1202.9843224701037,1154.294098671593,1162.68896484375,570230,0.0,0.0,0.0
2016-11-07 00:00:00+09:00,1177.7997898806639,1207.181823127865,1110.640856744204,1190.39208984375,1774420,0.0,0.0,0.0
2016-11-14 00:00:00+09:00,1197.9472461933992,1239.0820850605867,1196.2682731784118,1234.045166015625,686550,0.0,0.0,0.0
2016-11-21 00:00:00+09:00,1239.082477410107,1270.143488022691,1236.5640170901677,1265.1065673828125,469040,0.0,0.0,0.0
2016-11-28 00:00:00+09:00,1258.3905548095702,1293.6489959716796,1256.7115814208985,1276.019775390625,811280,0.0,0.0,0.0
2016-12-05 00:00:00+09:00,1267.624855479975,1317.1545683762122,1261.7484488651671,1314.6361083984375,857290,0.0,0.0,0.0
2016-12-12 00:00:00+09:00,1326.389040614701,1342.33928857146,1311.2782793925082,1337.3023681640625,660720,0.0,0.0,0.0
2016-12-19 00:00:00+09:00,1333.9444764683512,1344.8578044696656,1325.5496087750325,1332.2655029296875,345970,0.0,0.0,0.0
2016-12-26 00:00:00+09:00,1329.7468959932821,1333.104842700336,1302.8833223368522,1312.11767578125,847130,0.0,0.0,0.0
2017-01-02 00:00:00+09:00,1325.5495175126948,1346.5366853010528,1324.7100308011604,1340.6602783203125,540600,0.0,0.0,0.0
2017-01-09 00:00:00+09:00,1339.8207394362707,1345.6971461881842,1310.4387056767034,1323.031005859375,347310,0.0,0.0,0.0
2017-01-16 00:00:00+09:00,1322.1914791650047,1323.870452471881,1281.056633146538,1315.4755859375,529090,12.2,0.0,0.0
2017-01-23 00:00:00+09:00,1312.2016537436957,1341.8129096308842,1299.5111155063291,1336.7366943359375,504780,0.0,0.0,0.0
2017-01-30 00:00:00+09:00,1333.3527261579693,1334.1987621517244,1301.203358395277,1307.1256103515625,764990,0.0,0.0,0.0
2017-02-06 00:00:00+09:00,1322.3541720525006,1337.582818947539,1303.7413814030092,1335.8907470703125,332130,0.0,0.0,0.0
2017-02-13 00:00:00+09:00,1346.8893933051286,1347.7354293561996,1327.430564130494,1334.1988525390625,398460,0.0,0.0,0.0
2017-02-20 00:00:00+09:00,1332.5064933232243,1346.8891030924274,1325.738206373011,1339.2747802734375,158710,0.0,0.0,0.0
2017-02-27 00:00:00+09:00,1329.968496646521,1361.2718264021962,1317.2779575563825,1345.1971435546875,462700,0.0,0.0,0.0
2017-03-06 00:00:00+09:00,1343.5050625777362,1360.42578125,1335.0447032416046,1360.42578125,283350,0.0,0.0,0.0
2017-03-13 00:00:00+09:00,1357.8878061746075,1364.6560943050729,1347.7353739789096,1354.503662109375,187640,0.0,0.0,0.0
2017-03-20 00:00:00+09:00,1349.4272883310064,1352.811432000802,1315.5858516330502,1335.044677734375,376770,0.0,0.0,0.0
2017-03-27 00:00:00+09:00,1323.2001502114736,1346.8891554582265,1313.8937552931066,1318.969970703125,1164830,0.0,0.0,0.0
2017-04-03 00:00:00+09:00,1324.8924902725719,1328.2766345644557,1287.6669030618482,1297.8193359375,805890,0.0,0.0,0.0
2017-04-10 00:00:00+09:00,1307.1255511438062,1311.3557309209705,1269.0539331493264,1271.592041015625,469300,0.0,0.0,0.0
2017-04-17 00:00:00+09:00,1266.515795580339,1299.5111970684038,1265.6697596447475,1298.6651611328125,439690,0.0,0.0,0.0
2017-04-24 00:00:00+09:00,1315.5858516330502,1340.9669291565174,1308.8175642934589,1335.044677734375,367690,0.0,0.0,0.0
2017-05-01 00:00:00+09:00,1337.5829306872995,1354.503650873097,1335.0448226594297,1351.1195068359375,101190,0.0,0.0,0.0
2017-05-08 00:00:00+09:00,1368.8861429975077,1385.8068616995781,1368.040107062404,1379.03857421875,1095650,0.0,0.0,0.0
2017-05-15 00:00:00+09:00,1373.1164770796108,1387.4990895936917,1349.4274682328892,1361.27197265625,684050,0.0,0.0,0.0
2017-05-22 00:00:00+09:00,1367.1941917754016,1380.7307679315936,1362.9640117265915,1369.7322998046875,225870,0.0,0.0,0.0
2017-05-29 00:00:00+09:00,1369.7322363075473,1407.8038549819385,1362.963948543211,1405.2657470703125,538550,0.0,0.0,0.0
2017-06-05 00:00:00+09:00,1399.3434378689633,1406.9577612914666,1382.422719152289,1388.344970703125,642330,0.0,0.0,0.0
2017-06-12 00:00:00+09:00,1384.9609930471834,1397.6515336065652,1379.884776823431,1392.5753173828125,335580,0.0,0.0,0.0
2017-06-19 00:00:00+09:00,1394.2673675169428,1417.1103401643684,1392.5752954689854,1404.4197998046875,561450,0.0,0.0,0.0
2017-06-26 00:00:00+09:00,1406.1118497315188,1421.340497923557,1401.035633667506,1406.9578857421875,500890,0.0,0.0,0.0
2017-07-03 00:00:00+09:00,1407.8039661285454,1419.6484706512615,1398.49756971784,1401.8817138671875,386190,0.0,0.0,0.0
2017-07-10 00:00:00+09:00,1412.033959613379,1422.1863907190473,1397.6513488803487,1405.6717529296875,454110,16.0,0.0,0.0
2017-07-17 00:00:00+09:00,1415.5171979108013,1428.3311737518768,1406.1202822940127,1422.351318359375,294780,0.0,0.0,0.0
2017-07-24 00:00:00+09:00,1414.6628079293575,1429.18531260013,1408.682953064922,1416.371337890625,285920,0.0,0.0,0.0
2017-07-31 00:00:00+09:00,1414.6627442283927,1430.039513187397,1410.3914195175582,1425.7681884765625,650710,0.0,0.0,0.0
2017-08-07 00:00:00+09:00,1432.6022278275386,1434.3107576162417,1405.2657512082892,1411.24560546875,482020,0.0,0.0,0.0
2017-08-14 00:00:00+09:00,1397.5773378259994,1415.5169002308564,1390.7432188146254,1394.1602783203125,507720,0.0,0.0,0.0
2017-08-21 00:00:00+09:00,1397.5773378259994,1406.1199865902172,1389.8889539382037,1394.1602783203125,270790,0.0,0.0,0.0
2017-08-28 00:00:00+09:00,1397.5771799870734,1418.0795347057103,1388.1802674076982,1414.6624755859375,680710,0.0,0.0,0.0
2017-09-04 00:00:00+09:00,1409.5370801679928,1412.0998748592074,1379.63780877049,1392.4517822265625,625200,0.0,0.0,0.0
2017-09-11 00:00:00+09:00,1402.7029521764393,1435.165018061156,1402.7029521764393,1430.0394287109375,627930,0.0,0.0,0.0
2017-09-18 00:00:00+09:00,1430.039341517857,1467.6269944609787,1430.039341517857,1453.1044921875,633680,0.0,0.0,0.0
2017-09-25 00:00:00+09:00,1462.501352250507,1476.1695891874274,1458.2300282077192,1474.4610595703125,543140,0.0,0.0,0.0
2017-10-02 00:00:00+09:00,1476.1696319404489,1488.129339606633,1470.1897781073567,1484.7122802734375,829210,0.0,0.0,0.0
2017-10-09 00:00:00+09:00,1484.7122772216796,1507.7774276733398,1481.2952178955077,1503.506103515625,487240,0.0,0.0,0.0
2017-10-16 00:00:00+09:00,1507.7775455564763,1526.5713733197863,1506.923280658144,1522.300048828125,652500,0.0,0.0,0.0
2017-10-23 00:00:00+09:00,1538.531106246145,1559.0334641306024,1532.5512518631783,1558.17919921875,546130,0.0,0.0,0.0
2017-10-30 00:00:00+09:00,1559.0334094363718,1579.5357666015625,1547.0737010900107,1579.5357666015625,699590,0.0,0.0,0.0
2017-11-06 00:00:00+09:00,1582.098565463362,1623.1032799030172,1570.1388570851293,1585.515625,1223470,0.0,0.0,0.0
2017-11-13 00:00:00+09:00,1583.807408942,1583.807408942,1528.2801804731596,1551.3453369140625,888350,0.0,0.0,0.0
2017-11-20 00:00:00+09:00,1546.219444482901,1570.138861303631,1541.948120050628,1566.7218017578125,286200,0.0,0.0,0.0
2017-11-27 00:00:00+09:00,1574.4101270506758,1591.495424142924,1555.6163002492028,1582.0985107421875,443530,0.0,0.0,0.0
2017-12-04 00:00:00+09:00,1584.661204622431,1588.0782638237729,1550.490612609009,1587.2239990234375,394910,0.0,0.0,0.0
2017-12-11 00:00:00+09:00,1591.4954919195793,1602.6009355024858,1571.8473994267451,1578.6815185546875,813080,0.0,0.0,0.0
2017-12-18 00:00:00+09:00,1591.495495838724,1611.143588379943,1589.7869660525312,1609.43505859375,1569180,0.0,0.0,0.0
2017-12-25 00:00:00+09:00,1611.1435122169323,1613.7063067750719,1598.3295394262357,1600.892333984375,1066690,0.0,0.0,0.0
2018-01-01 00:00:00+09:00,1600.892356282048,1657.2738373464106,1600.892356282048,1655.5653076171875,547110,0.0,0.0,0.0
2018-01-08 00:00:00+09:00,1655.565209681484,1670.9419763348724,1637.6256485858644,1641.89697265625,924800,0.0,0.0,0.0
2018-01-15 00:00:00+09:00,1654.7109542720573,1668.3791913749758,1640.1884523502065,1653.856689453125,514000,13.3,0.0,0.0
2018-01-22 00:00:00+09:00,1665.332883080218,1684.2571203879477,1655.0105718214563,1656.73095703125,337030,0.0,0.0,0.0
2018-01-29 00:00:00+09:00,1658.451411409198,1664.472759894605,1618.022357292895,1641.24755859375,513630,0.0,0.0,0.0
2018-02-05 00:00:00+09:00,1616.301952506052,1618.8825303972271,1504.4769105551277,1526.8419189453125,1146000,0.0,0.0,0.0
2018-02-12 00:00:00+09:00,1526.8419074797657,1544.9059525823432,1490.7138172746106,1529.4224853515625,480340,0.0,0.0,0.0
2018-02-19 00:00:00+09:00,1544.045546994225,1564.6901671211674,1530.282466909597,1550.06689453125,368650,0.0,0.0,0.0
2018-02-26 00:00:00+09:00,1564.6904016085412,1581.8942542925272,1498.4555687751945,1507.0574951171875,451410,0.0,0.0,0.0
2018-03-05 00:00:00+09:00,1496.7351972223207,1533.723480831838,1487.2730781594212,1513.078857421875,419220,0.0,0.0,0.0
2018-03-12 00:00:00+09:00,1536.3041372582993,1543.1856787465786,1521.6808615957063,1532.003173828125,264830,0.0,0.0,0.0
2018-03-19 00:00:00+09:00,1523.4012074305708,1530.2827487402517,1464.0479136345746,1468.348876953125,637010,0.0,0.0,0.0
2018-03-26 00:00:00+09:00,1458.0265899279743,1531.142967593979,1449.4246631437386,1525.9818115234375,540990,0.0,0.0,0.0
2018-04-02 00:00:00+09:00,1526.841748720082,1541.4650218064153,1500.1757801508863,1528.5621337890625,473010,0.0,0.0,0.0
2018-04-09 00:00:00+09:00,1527.701944599888,1549.2067580092335,1525.1213669907668,1537.1640625,344370,0.0,0.0,0.0
2018-04-16 00:00:00+09:00,1539.7447563719354,1566.4107270130137,1535.4437933653098,1556.9486083984375,217630,0.0,0.0,0.0
2018-04-23 00:00:00+09:00,1561.2495542040058,1581.8941764083563,1554.3680134692222,1579.3135986328125,279010,0.0,0.0,0.0
2018-04-30 00:00:00+09:00,1579.3135730460222,1581.8941507797574,1572.4320324227278,1575.872802734375,110520,0.0,0.0,0.0
2018-05-07 00:00:00+09:00,1578.4535322518184,1597.3777707856277,1569.8516056455414,1596.517578125,286770,0.0,0.0,0.0
2018-05-14 00:00:00+09:00,1598.237883237047,1615.441735586208,1596.517498002131,1614.58154296875,497520,0.0,0.0,0.0
2018-05-21 00:00:00+09:00,1613.721276162493,1618.8824316299638,1571.5718398448162,1575.872802734375,309410,0.0,0.0,0.0
2018-05-28 00:00:00+09:00,1576.7331245384407,1579.3137024836753,1539.7448406567423,1556.0885009765625,175880,0.0,0.0,0.0
2018-06-04 00:00:00+09:00,1571.5719638290157,1594.7971652649123,1569.8515785374677,1584.474853515625,118350,0.0,0.0,0.0
2018-06-11 00:00:00+09:00,1584.474697613832,1604.2591265199765,1582.7543124915585,1592.2164306640625,149730,0.0,0.0,0.0
2018-06-18 00:00:00+09:00,1587.9157279313106,1587.9157279313106,1537.1643585120542,1552.6478271484375,661270,0.0,0.0,0.0
2018-06-25 00:00:00+09:00,1555.228217746159,1555.228217746159,1522.540899010344,1539.7447509765625,313030,0.0,0.0,0.0
2018-07-02 00:00:00+09:00,1536.304044679964,1540.6050078509604,1489.8536424332012,1507.0574951171875,590430,0.0,0.0,0.0
2018-07-09 00:00:00+09:00,1514.7992221198283,1542.3253862923634,1447.7041969492736,1526.8419189453125,1162300,0.0,0.0,0.0
2018-07-16 00:00:00+09:00,1526.8418985661817,1554.3680623713185,1526.8418985661817,1540.60498046875,259010,17.5,0.0,0.0
2018-07-23 00:00:00+09:00,1548.995105980385,1581.1391435133487,1545.5200748957402,1580.2703857421875,420620,0.0,0.0,0.0
2018-07-30 00:00:00+09:00,1577.6641745914403,1581.1392058130073,1550.7326826242956,1551.6014404296875,434860,0.0,0.0,0.0
2018-08-06 00:00:00+09:00,1552.4702326773518,1564.6328422226695,1531.6200448853783,1534.226318359375,280090,0.0,0.0,0.0
2018-08-13 00:00:00+09:00,1521.1948854643722,1527.2761899750808,1485.5758161873653,1511.6385498046875,768010,0.0,0.0,0.0
2018-08-20 00:00:00+09:00,1507.2947166826084,1522.9323563945893,1496.8696235412876,1522.0635986328125,318800,0.0,0.0,0.0
2018-08-27 00:00:00+09:00,1529.0137596558989,1559.4202832854196,1527.2762440199263,1546.388916015625,443650,0.0,0.0,0.0
2018-09-03 00:00:00+09:00,1542.0451181906242,1542.0451181906242,1491.657165032846,1501.2135009765625,292500,0.0,0.0,0.0
2018-09-10 00:00:00+09:00,1496.8698607985573,1541.176513671875,1496.8698607985573,1541.176513671875,509210,0.0,0.0,0.0
2018-09-17 00:00:00+09:00,1541.1763284890346,1610.6769520962064,1535.9637817184966,1608.0706787109375,827700,0.0,0.0,0.0
2018-09-24 00:00:00+09:00,1608.0705358516414,1642.8208445680464,1607.2017781337313,1632.395751953125,496590,0.0,0.0,0.0
2018-10-01 00:00:00+09:00,1628.920792761744,1651.5084944213736,1606.3330911021146,1610.6768798828125,649220,0.0,0.0,0.0
2018-10-08 00:00:00+09:00,1610.6769196024543,1610.6769196024543,1511.6385329602322,1529.8824462890625,823880,0.0,0.0,0.0
2018-10-15 00:00:00+09:00,1516.8510520621521,1543.7825426772306,1501.2134123501712,1522.0635986328125,719060,0.0,0.0,0.0
2018-10-22 00:00:00+09:00,1509.0323891503965,1526.407546193003,1420.419088233102,1434.3192138671875,1567080,0.0,0.0,0.0
2018-10-29 00:00:00+09:00,1443.006873163607,1492.5260735069699,1422.156683545349,1489.9197998046875,817930,0.0,0.0,0.0
2018-11-05 00:00:00+09:00,1476.0195570047192,1515.9824172885433,1469.0694943466629,1502.9510498046875,626270,0.0,0.0,0.0
2018-11-12 00:00:00+09:00,1494.2635988934608,1506.4262095821284,1452.5632193894573,1464.725830078125,616760,0.0,0.0,0.0
2018-11-19 00:00:00+09:00,1462.119384765625,1475.1507518312721,1434.3191350255775,1462.119384765625,329990,0.0,0.0,0.0
2018-11-26 00:00:00+09:00,1462.1195567834536,1502.0824204863882,1457.775767250526,1496.869873046875,347040,0.0,0.0,0.0
2018-12-03 00:00:00+09:00,1516.8510053174875,1522.9323094625177,1436.9252936970931,1456.0379638671875,1432520,0.0,0.0,0.0
2018-12-10 00:00:00+09:00,1430.844205184983,1457.7756990287803,1411.731532134546,1429.106689453125,636280,0.0,0.0,0.0
2018-12-17 00:00:00+09:00,1430.8441213733124,1438.6629417086856,1328.3306991984182,1335.28076171875,857550,0.0,0.0,0.0
2018-12-24 00:00:00+09:00,1335.2808053547442,1356.9997514405402,1267.5176935670602,1343.9683837890625,888290,0.0,0.0,0.0
2018-12-31 00:00:00+09:00,1343.9684758026663,1343.9684758026663,1300.5305806571373,1323.1182861328125,198100,0.0,0.0,0.0
2019-01-07 00:00:00+09:00,1363.9495514850228,1384.7997357115453,1358.737005428392,1362.2120361328125,336500,0.0,0.0,0.0
2019-01-14 00:00:00+09:00,1362.212169508761,1392.6186911495815,1351.7870763747653,1388.27490234375,322530,15.4,0.0,0.0
2019-01-21 00:00:00+09:00,1416.8449330552717,1416.8449330552717,1382.6301018545562,1408.0718994140625,492200,0.0,0.0,0.0
2019-01-28 00:00:00+09:00,1407.1944419399174,1417.7220811564255,1386.1391635069012,1406.317138671875,295190,0.0,0.0,0.0
2019-02-04 00:00:00+09:00,1412.4584744336184,1430.8818458392745,1381.7528554241921,1384.384765625,321210,0.0,0.0,0.0
2019-02-11 00:00:00+09:00,1384.384522541915,1436.1454140691476,1384.384522541915,1417.7220458984375,345920,0.0,0.0,0.0
2019-02-18 00:00:00+09:00,1441.4095351710464,1456.3236934777462,1435.2684111624053,1447.5506591796875,380450,0.0,0.0,0.0
2019-02-25 00:00:00+09:00,1456.3235764451713,1461.5873966009972,1445.7959361335195,1454.5689697265625,347130,0.0,0.0,0.0
2019-03-04 00:00:00+09:00,1465.9736744359793,1466.8509776522785,1412.4581782417274,1415.090087890625,300340,0.0,0.0,0.0
2019-03-11 00:00:00+09:00,1416.8448097010755,1451.0596379229592,1412.4582932623725,1441.4093017578125,214030,0.0,0.0,0.0
2019-03-18 00:00:00+09:00,1448.4278302926505,1456.3235604396123,1440.5321001456887,1453.691650390625,160780,0.0,0.0,0.0
2019-03-25 00:00:00+09:00,1428.2499837239582,1463.3421209161932,1412.4585219874525,1447.5506591796875,378220,0.0,0.0,0.0
2019-04-01 00:00:00+09:00,1469.483191606199,1484.3973493717544,1462.4647644224083,1478.2562255859375,942930,0.0,0.0,0.0
2019-04-08 00:00:00+09:00,1480.8879363738738,1481.7652396537162,1454.5688379786036,1460.7099609375,326410,0.0,0.0,0.0
2019-04-15 00:00:00+09:00,1478.2563108529619,1486.1520418901587,1465.9740625728778,1469.4832763671875,340380,0.0,0.0,0.0
2019-04-22 00:00:00+09:00,1466.8512759950806,1481.765433705557,1456.3236352582737,1471.23779296875,604790,0.0,0.0,0.0
2019-04-29 00:00:00+09:00,1471.23779296875,1471.23779296875,1471.23779296875,1471.23779296875,0,0.0,0.0,0.0
2019-05-06 00:00:00+09:00,1471.2375369854828,1471.2375369854828,1401.0532776182563,1410.70361328125,783240,0.0,0.0,0.0
2019-05-13 00:00:00+09:00,1402.8079320243394,1421.2313007376047,1371.2250142301705,1413.3355712890625,474140,0.0,0.0,0.0
2019-05-20 00:00:00+09:00,1416.844696694232,1422.9858192186034,1387.8936905079104,1401.9305419921875,354640,0.0,0.0,0.0
2019-05-27 00:00:00+09:00,1403.6855107291,1414.2131520595685,1374.7344970703125,1374.7344970703125,332940,0.0,0.0,0.0
2019-06-03 00:00:00+09:00,1358.065596545095,1394.9123375366287,1355.4336864742713,1394.0350341796875,277560,0.0,0.0,0.0
2019-06-10 00:00:00+09:00,1406.317138671875,1422.1085974966372,1394.9121961873245,1406.317138671875,252210,0.0,0.0,0.0
2019-06-17 00:00:00+09:00,1402.8080314036167,1422.108704756262,1387.8938747220272,1405.43994140625,223720,0.0,0.0,0.0
2019-06-24 00:00:00+09:00,1404.5626757600467,1415.9676194108154,1395.7896421825324,1414.2130126953125,305950,0.0,0.0,0.0
2019-07-01 00:00:00+09:00,1436.1456251536963,1451.9370859067608,1430.0045015275045,1449.30517578125,559330,0.0,0.0,0.0
2019-07-08 00:00:00+09:00,1448.4276595162873,1448.4276595162873,1415.0901361597648,1417.7220458984375,657820,0.0,0.0,0.0
2019-07-15 00:00:00+09:00,1417.7222364193926,1417.7222364193926,1377.3662816698306,1408.0718994140625,294830,19.7,0.0,0.0
2019-07-22 00:00:00+09:00,1421.8962039309363,1439.6588048544959,1415.6792936076906,1433.44189453125,415810,0.0,0.0,0.0
2019-07-29 00:00:00+09:00,1430.7776859966893,1438.7708574268386,1390.8118288459439,1397.9168701171875,612160,0.0,0.0,0.0
2019-08-05 00:00:00+09:00,1384.594793376601,1384.594793376601,1327.75446831175,1369.49658203125,366720,0.0,0.0,0.0
2019-08-12 00:00:00+09:00,1369.496649590164,1370.3847797131148,1334.8595747950822,1354.3984375,233010,0.0,0.0,0.0
2019-08-19 00:00:00+09:00,1363.27984615185,1372.1611480811782,1357.9510649942533,1370.3848876953125,85360,0.0,0.0,0.0
2019-08-26 00:00:00+09:00,1336.635748082718,1379.2659912109375,1333.9713578872042,1379.2659912109375,247980,0.0,0.0,0.0
2019-09-02 00:00:00+09:00,1373.937445694956,1405.0220032898646,1368.6086643929716,1401.469482421875,247170,0.0,0.0,0.0
2019-09-09 00:00:00+09:00,1400.5815103821835,1468.0794144969875,1400.5815103821835,1467.1912841796875,625740,0.0,0.0,0.0
2019-09-16 00:00:00+09:00,1467.1910096689123,1483.177352389276,1460.085968459862,1470.7435302734375,202240,0.0,0.0,0.0
2019-09-23 00:00:00+09:00,1470.7437281419225,1491.1707243661158,1463.6386859769857,1476.072509765625,410820,0.0,0.0,0.0
2019-09-30 00:00:00+09:00,1465.4147715419256,1479.6248541750595,1436.1064761110872,1446.7640380859375,311930,0.0,0.0,0.0
2019-10-07 00:00:00+09:00,1448.5402537021832,1468.967246856782,1439.6589523306186,1466.3028564453125,656910,0.0,0.0,0.0
2019-10-14 00:00:00+09:00,1466.3028352757885,1514.2618619898362,1466.3028352757885,1490.2823486328125,437300,0.0,0.0,0.0
2019-10-21 00:00:00+09:00,1494.7228958880314,1516.9261474609375,1490.2822455734504,1516.9261474609375,505300,0.0,0.0,0.0
2019-10-28 00:00:00+09:00,1518.7025156385791,1536.4651181606678,1516.0381252602658,1532.91259765625,289210,0.0,0.0,0.0
2019-11-04 00:00:00+09:00,1532.9126223057287,1578.2072594653998,1532.9126223057287,1565.7734375,488180,0.0,0.0,0.0
2019-11-11 00:00:00+09:00,1571.1021950714146,1574.654715580338,1544.4582912544884,1561.332763671875,209460,0.0,0.0,0.0
2019-11-18 00:00:00+09:00,1560.4444879509012,1565.7732682170968,1532.912456575558,1556.8919677734375,402460,0.0,0.0,0.0
2019-11-25 00:00:00+09:00,1565.7734143080293,1581.759756598185,1561.332763671875,1561.332763671875,336550,0.0,0.0,0.0
2019-12-02 00:00:00+09:00,1568.4380486971093,1579.9837421473144,1555.1160947161034,1575.5430908203125,440890,0.0,0.0,0.0
2019-12-09 00:00:00+09:00,1587.97668538231,1610.1799388132708,1571.9903429120184,1602.186767578125,553790,0.0,0.0,0.0
2019-12-16 00:00:00+09:00,1597.7459330739316,1607.5153634595977,1590.6408927934472,1595.08154296875,808640,0.0,0.0,0.0
2019-12-23 00:00:00+09:00,1598.6343460125418,1602.1868667814585,1583.5361327446456,1597.7462158203125,308700,0.0,0.0,0.0
2019-12-30 00:00:00+09:00,1591.5292355661434,1591.5292355661434,1583.5360641821617,1584.4241943359375,112290,0.0,0.0,0.0
2020-01-06 00:00:00+09:00,1564.8853987078326,1602.1868667814585,1550.6753156321656,1597.7462158203125,364470,0.0,0.0,0.0
2020-01-13 00:00:00+09:00,1597.7461466425736,1604.8511878727797,1575.54289279818,1584.4241943359375,587800,16.9,0.0,0.0
2020-01-20 00:00:00+09:00,1603.2066757614548,1609.4832119641003,1589.7569553272144,1592.4468994140625,97220,0.0,0.0,0.0
2020-01-27 00:00:00+09:00,1565.547541094653,1574.5140218569363,1535.9581545791184,1551.201171875,1047250,0.0,0.0,0.0
2020-02-03 00:00:00+09:00,1526.0949825119515,1607.6899551374438,1524.3016864102924,1594.240234375,295020,0.0,0.0,0.0
2020-02-10 00:00:00+09:00,1582.5838346279804,1589.7570191475409,1564.65087332908,1570.03076171875,89170,0.0,0.0,0.0
2020-02-17 00:00:00+09:00,1553.8910855154024,1559.2709738668693,1531.4748840509562,1541.3380126953125,150090,0.0,0.0,0.0
2020-02-24 00:00:00+09:00,1541.3381811900488,1541.3381811900488,1382.6314574723997,1393.3912353515625,1180040,0.0,0.0,0.0
2020-03-02 00:00:00+09:00,1370.078054094472,1431.946762034602,1349.455151447762,1358.421630859375,845270,0.0,0.0,0.0
2020-03-09 00:00:00+09:00,1312.6927512461307,1316.27934346265,1120.8100676623383,1231.0977783203125,1467140,0.0,0.0,0.0
2020-03-16 00:00:00+09:00,1214.0612608711674,1223.0277399027123,1104.6702166863208,1188.0584716796875,1272700,0.0,0.0,0.0
2020-03-23 00:00:00+09:00,1176.4021136629854,1340.488688968112,1163.849042328167,1339.592041015625,800820,0.0,0.0,0.0
2020-03-30 00:00:00+09:00,1312.6925717561141,1343.1786014280458,1227.5110182610113,1237.3741455078125,1124020,0.0,0.0,0.0
2020-04-06 00:00:00+09:00,1239.1676629593583,1336.0056568809289,1236.4777186837591,1335.1090087890625,720250,0.0,0.0,0.0
2020-04-13 00:00:00+09:00,1319.8659010416668,1358.421766357422,1309.1061246744791,1344.9720458984375,532110,0.0,0.0,0.0
2020-04-20 00:00:00+09:00,1333.315721254091,1343.1788503286,1299.2430935421505,1327.0391845703125,160830,0.0,0.0,0.0
2020-04-27 00:00:00+09:00,1332.4189012361053,1381.734540245517,1329.7289572901375,1336.0054931640625,978390,0.0,0.0,0.0
2020-05-04 00:00:00+09:00,1336.005751476439,1360.2152516709784,1323.4526773014925,1359.318603515625,84690,0.0,0.0,0.0
2020-05-11 00:00:00+09:00,1370.9750326273856,1385.321403145396,1344.0755879061157,1356.628662109375,257030,0.0,0.0,0.0
2020-05-18 00:00:00+09:00,1359.318423630904,1399.667585282217,1352.1452393373372,1376.354736328125,262190,0.0,0.0,0.0
2020-05-25 00:00:00+09:00,1397.874328500601,1474.9860618239184,1391.5977920673076,1457.0531005859375,780800,0.0,0.0,0.0
2020-06-01 00:00:00+09:00,1457.9496222076598,1508.1619093193628,1455.2596782552473,1504.5753173828125,451560,0.0,0.0,0.0
2020-06-08 00:00:00+09:00,1520.7151043260403,1523.4050484964284,1437.326835044011,1465.1229248046875,804580,0.0,0.0,0.0
2020-06-15 00:00:00+09:00,1457.0530813780329,1491.125707281027,1427.463695725433,1475.8826904296875,561420,0.0,0.0,0.0
2020-06-22 00:00:00+09:00,1469.6062399278976,1490.2291462844207,1450.7766297762894,1471.3995361328125,982420,0.0,0.0,0.0
2020-06-29 00:00:00+09:00,1456.1566255079335,1469.6063480341768,1431.9471249606956,1448.0867919921875,338070,0.0,0.0,0.0
2020-07-06 00:00:00+09:00,1451.6734815856057,1474.08968729261,1434.6371652482824,1435.5338134765625,1042170,0.0,0.0,0.0
2020-07-13 00:00:00+09:00,1455.2597683376734,1469.6061369719328,1448.9832320601852,1452.56982421875,488990,18.0,0.0,0.0
2020-07-20 00:00:00+09:00,1473.2526888603197,1480.505625174709,1462.3732843887358,1469.626220703125,80930,0.0,0.0,0.0
2020-07-27 00:00:00+09:00,1454.2139280641234,1478.6925914417614,1396.1904296875,1396.1904296875,178380,0.0,0.0,0.0
2020-08-03 00:00:00+09:00,1411.6027512122844,1456.9336038523707,1407.9762830010775,1446.05419921875,527770,0.0,0.0,0.0
2020-08-10 00:00:00+09:00,1446.0540216287263,1520.3966108284476,1446.0540216287263,1514.9569091796875,259520,0.0,0.0,0.0
2020-08-17 00:00:00+09:00,1512.2370716240357,1516.7701563711103,1492.2914987369081,1498.6378173828125,196290,0.0,0.0,0.0
2020-08-24 00:00:00+09:00,1498.6378166447817,1528.5561759607392,1485.0385624102555,1499.54443359375,1626040,0.0,0.0,0.0
2020-08-31 00:00:00+09:00,1514.957036088823,1532.1827594195759,1499.5445467928866,1509.517333984375,230050,0.0,0.0,0.0
2020-09-07 00:00:00+09:00,1504.984233792774,1528.5562760088053,1486.851893626596,1526.7430419921875,591490,0.0,0.0,0.0
2020-09-14 00:00:00+09:00,1534.9025847255728,1543.0621377453779,1526.7430317057674,1538.529052734375,877100,0.0,0.0,0.0
2020-09-21 00:00:00+09:00,1538.5290647091679,1538.5290647091679,1516.7702564869994,1524.9298095703125,183420,0.0,0.0,0.0
2020-09-28 00:00:00+09:00,1537.6223327161879,1571.1671595502085,1509.5172075309274,1514.9569091796875,685770,0.0,0.0,0.0
2020-10-05 00:00:00+09:00,1533.9958360539342,1563.9141945585322,1533.9958360539342,1551.2215576171875,490190,0.0,0.0,0.0
2020-10-12 00:00:00+09:00,1550.3149624653759,1553.941430213833,1520.3966035406056,1524.0230712890625,169140,0.0,0.0,0.0
2020-10-19 00:00:00+09:00,1531.2760016997279,1549.408340381785,1520.3965984904935,1530.369384765625,121010,0.0,0.0,0.0
2020-10-26 00:00:00+09:00,1529.4628020087926,1533.089269826241,1485.0385712450518,1488.6650390625,127160,0.0,0.0,0.0
2020-11-02 00:00:00+09:00,1499.5443860707346,1566.6340381682162,1499.5443860707346,1560.2877197265625,449290,0.0,0.0,0.0
2020-11-09 00:00:00+09:00,1576.6070300086071,1633.723903436176,1572.9805618544758,1604.712158203125,2047090,0.0,0.0,0.0
2020-11-16 00:00:00+09:00,1619.217889519971,1639.16346262716,1611.058336885212,1626.4708251953125,831480,0.0,0.0,0.0
2020-11-23 00:00:00+09:00,1626.4707810394204,1688.120732606132,1626.4707810394204,1681.7744140625,511210,0.0,0.0,0.0
2020-11-30 00:00:00+09:00,1685.4010120919081,1686.3076290967988,1648.2297148913872,1672.7083740234375,976340,0.0,0.0,0.0
2020-12-07 00:00:00+09:00,1679.9613060863596,1681.7745400918495,1649.136327993032,1677.241455078125,847100,0.0,0.0,0.0
2020-12-14 00:00:00+09:00,1684.4945034268846,1699.9069935012965,1675.4283327948779,1688.1209716796875,717030,0.0,0.0,0.0
2020-12-21 00:00:00+09:00,1693.560440071738,1699.9067586373171,1652.7626778644424,1674.521484375,530320,0.0,0.0,0.0
2020-12-28 00:00:00+09:00,1677.2413129877611,1714.4126069512738,1674.5214622099434,1702.6265869140625,468110,0.0,0.0,0.0
2021-01-04 00:00:00+09:00,1706.2532588402473,1749.7708764939837,1673.615045599945,1747.051025390625,1018640,0.0,0.0,0.0
2021-01-11 00:00:00+09:00,1747.0509402475736,1765.1832800529453,1734.3583023838132,1736.942138671875,449870,14.8,0.0,0.0
2021-01-18 00:00:00+09:00,1737.8302471650156,1763.413447438738,1734.1755042687694,1752.44921875,143750,0.0,0.0,0.0
2021-01-25 00:00:00+09:00,1753.362934630594,1757.0176775896991,1702.196533203125,1702.196533203125,218040,0.0,0.0,0.0
2021-02-01 00:00:00+09:00,1703.1102894949706,1784.4283237036898,1701.2829179397186,1782.6009521484375,628500,0.0,0.0,0.0
2021-02-08 00:00:00+09:00,1790.82407812108,1829.198879795103,1790.82407812108,1820.9757080078125,281230,0.0,0.0,0.0
2021-02-15 00:00:00+09:00,1836.5083339058574,1862.0915345771828,1811.8388189727937,1818.234619140625,439090,0.0,0.0,0.0
2021-02-22 00:00:00+09:00,1836.5082440604292,1841.9903582218037,1753.3628459462507,1757.9312744140625,363450,0.0,0.0,0.0
2021-03-01 00:00:00+09:00,1783.5146903757668,1806.3568354881613,1754.2767446319017,1787.16943359375,533870,0.0,0.0,0.0
2021-03-08 00:00:00+09:00,1809.0978597207547,1839.2494907161006,1779.8599145131466,1837.422119140625,273120,0.0,0.0,0.0
2021-03-15 00:00:00+09:00,1846.5588096662752,1899.552580552294,1842.9040668465498,1896.8115234375,1293970,0.0,0.0,0.0
2021-03-22 00:00:00+09:00,1884.9336796402931,1890.4157940745354,1815.4935634732246,1871.2283935546875,689470,0.0,0.0,0.0
2021-03-29 00:00:00+09:00,1894.984388801322,1894.984388801322,1858.4369560375549,1874.88330078125,515160,0.0,0.0,0.0
2021-04-05 00:00:00+09:00,1884.020155364392,1893.157013537837,1851.1274659399892,1863.9190673828125,653100,0.0,0.0,0.0
2021-04-12 00:00:00+09:00,1871.2285854136073,1874.8833287444934,1851.1274970937345,1866.66015625,140000,0.0,0.0,0.0
2021-04-19 00:00:00+09:00,1864.832602607731,1870.314717069096,1788.0830001486179,1819.1483154296875,719850,0.0,0.0,0.0
2021-04-26 00:00:00+09:00,1829.1990481978612,1829.1990481978612,1803.6158447265625,1803.6158447265625,162750,0.0,0.0,0.0
2021-05-03 00:00:00+09:00,1803.6157758726026,1845.6453228280939,1803.6157758726026,1840.1632080078125,116420,0.0,0.0,0.0
2021-05-10 00:00:00+09:00,1842.9042176505588,1860.264247464818,1757.931440138659,1793.565185546875,1813550,0.0,0.0,0.0
2021-05-17 00:00:00+09:00,1805.4430668494704,1820.0620390506808,1779.8598654973525,1811.8388671875,509570,0.0,0.0,0.0
2021-05-24 00:00:00+09:00,1811.8389825195793,1856.6095877356456,1811.8389825195793,1853.8685302734375,496050,0.0,0.0,0.0
2021-05-31 00:00:00+09:00,1849.2999627383215,1872.1421065468483,1820.9757044157484,1863.0052490234375,444490,0.0,0.0,0.0
2021-06-07 00:00:00+09:00,1873.055995781826,1875.7970533366286,1849.3001636402028,1859.3507080078125,544630,0.0,0.0,0.0
2021-06-14 00:00:00+09:00,1871.2286735700197,1888.5887052095854,1850.2138984273877,1852.9549560546875,1229650,0.0,0.0,0.0
2021-06-21 00:00:00+09:00,1817.3211212830395,1872.1422712463288,1799.9610904613312,1866.66015625,646340,0.0,0.0,0.0
2021-06-28 00:00:00+09:00,1874.8832971909467,1875.7969830082911,1842.9042935838886,1863.9190673828125,205200,0.0,0.0,0.0
2021-07-05 00:00:00+09:00,1856.609478154584,1868.4873931230925,1792.6514744779988,1833.767333984375,1753900,0.0,0.0,0.0
2021-07-12 00:00:00+09:00,1858.4369698660714,1880.3654296875002,1815.4937360491072,1822.80322265625,653910,21.3,0.0,0.0
2021-07-19 00:00:00+09:00,1823.040927117808,1835.0467690897085,1794.411611646353,1813.8056640625,700000,0.0,0.0,0.0
2021-07-26 00:00:00+09:00,1847.9759541383764,1851.6700589942252,1811.0349055798881,1812.8819580078125,373440,0.0,0.0,0.0
2021-08-02 00:00:00+09:00,1832.2760390507283,1853.517142326014,1826.7348816745669,1838.74072265625,298520,0.0,0.0,0.0
2021-08-09 00:00:00+09:00,1838.7409296923345,1878.4525620262223,1838.7409296923345,1865.523193359375,409730,0.0,0.0,0.0
2021-08-16 00:00:00+09:00,1856.287831099992,1856.287831099992,1788.8704123585494,1791.6409912109375,1310200,0.0,0.0,0.0
2021-08-23 00:00:00+09:00,1812.8819882341631,1856.2877210140946,1810.1114095460823,1838.74072265625,467700,0.0,0.0,0.0
2021-08-30 00:00:00+09:00,1851.6702138587445,1924.6287908636527,1846.1290561115363,1922.78173828125,1196170,0.0,0.0,0.0
2021-09-06 00:00:00+09:00,1943.0991880683794,1992.9696044921875,1938.4815569180266,1992.9696044921875,987440,0.0,0.0,0.0
2021-09-13 00:00:00+09:00,1986.504952156549,2021.5989494517369,1982.8108471781084,2001.2813720703125,402880,0.0,0.0,0.0
2021-09-20 00:00:00+09:00,2001.2813405628222,2001.2813405628222,1948.6403454488025,1992.9696044921875,385300,0.0,0.0,0.0
2021-09-27 00:00:00+09:00,1999.4343555066012,2007.746091857437,1904.311150602592,1906.158203125,933970,0.0,0.0,0.0
2021-10-04 00:00:00+09:00,1931.0934276889202,1931.0934276889202,1851.670168587415,1884.9171142578125,1196440,0.0,0.0,0.0
2021-10-11 00:00:00+09:00,1885.8406152761481,1944.0227694203193,1883.070036507378,1943.0992431640625,761340,0.0,0.0,0.0
2021-10-18 00:00:00+09:00,1947.7170649142276,1962.493486459333,1911.6995373980328,1924.62890625,383180,0.0,0.0,0.0
2021-10-25 00:00:00+09:00,1908.9290291063492,1944.9465579574123,1901.5408180599773,1921.8583984375,499380,0.0,0.0,0.0
2021-11-01 00:00:00+09:00,1956.0284806985294,1975.4225307904412,1947.716744944853,1962.4931640625,967230,0.0,0.0,0.0
2021-11-08 00:00:00+09:00,1968.034760067982,1969.8818128695473,1924.629019231194,1959.7230224609375,366850,0.0,0.0,0.0
2021-11-15 00:00:00+09:00,1973.5757171673902,1982.810980233218,1944.9464016633242,1964.3404541015625,355260,0.0,0.0,0.0
2021-11-22 00:00:00+09:00,1954.1817424477917,1968.0346375974689,1899.6936881923948,1926.4759521484375,1621880,0.0,0.0,0.0
2021-11-29 00:00:00+09:00,1877.0671188208528,1901.5405646504973,1838.7407791253715,1882.6082763671875,1180490,0.0,0.0,0.0
2021-12-06 00:00:00+09:00,1883.9936497351566,1931.0934909785356,1865.523123757361,1901.5406494140625,784470,0.0,0.0,0.0
2021-12-13 00:00:00+09:00,1913.546528996249,1936.1729237647855,1889.5348447520876,1908.00537109375,649710,0.0,0.0,0.0
2021-12-20 00:00:00+09:00,1887.6877284315283,1917.7023327241038,1864.1378081404305,1908.9288330078125,610550,0.0,0.0,0.0
2021-12-27 00:00:00+09:00,1909.390604954212,1932.9405253538891,1900.6171051974695,1914.9317626953125,429240,0.0,0.0,0.0
2022-01-03 00:00:00+09:00,1914.93173607032,1964.3403919081604,1904.772947019549,1922.3199462890625,667360,0.0,0.0,0.0
2022-01-10 00:00:00+09:00,1922.3199186110194,1944.4845489481152,1869.6789215604174,1884.7047119140625,729100,19.5,0.0,0.0
2022-01-17 00:00:00+09:00,1924.0385281972617,1928.2343960804155,1827.5335668847265,1857.370849609375,527600,0.0,0.0,0.0
2022-01-24 00:00:00+09:00,1836.8577317627646,1860.6343166155314,1765.0617696583317,1805.621826171875,867080,0.0,0.0,0.0
2022-01-31 00:00:00+09:00,1800.9597000812166,1864.3639245728154,1791.169341887661,1855.5059814453125,527180,0.0,0.0,0.0
2022-02-07 00:00:00+09:00,1852.708908114938,1895.6000051321937,1839.6550959792514,1889.539306640625,277270,0.0,0.0,0.0
2022-02-14 00:00:00+09:00,1854.5735703704943,1875.0867018678048,1832.6618162710943,1852.708740234375,278190,0.0,0.0,0.0
2022-02-21 00:00:00+09:00,1825.20260270535,1841.986074914135,1773.9197709562854,1807.0205078125,581090,0.0,0.0,0.0
2022-02-28 00:00:00+09:00,1808.8853846272145,1839.6550844688115,1767.859118171752,1776.2508544921875,781940,0.0,0.0,0.0
2022-03-07 00:00:00+09:00,1742.6838925891566,1763.1970256212387,1689.5362297333074,1733.3597412109375,705820,0.0,0.0,0.0
2022-03-14 00:00:00+09:00,1739.8865481596263,1840.1211697711803,1739.8865481596263,1773.4534912109375,248100,0.0,0.0,0.0
2022-03-21 00:00:00+09:00,1773.453427935137,1919.8425910191622,1773.453427935137,1904.9239501953125,516760,0.0,0.0,0.0
2022-03-28 00:00:00+09:00,1907.255147844252,1930.0993185224158,1868.5599199608316,1893.2689208984375,271630,0.0,0.0,0.0
2022-04-04 00:00:00+09:00,1890.9379170452748,1916.1131260000197,1830.797140097829,1843.8509521484375,603630,0.0,0.0,0.0
2022-04-11 00:00:00+09:00,1841.9860756676997,1856.9047176371673,1811.2163766056728,1847.58056640625,272990,0.0,0.0,0.0
2022-04-18 00:00:00+09:00,1828.4661104907202,1878.8165286276396,1813.0812605044393,1851.7764892578125,585700,0.0,0.0,0.0
2022-04-25 00:00:00+09:00,1818.6756975904066,1850.8440193370711,1793.0342817053843,1847.58056640625,224820,0.0,0.0,0.0
2022-05-02 00:00:00+09:00,1847.1141923828125,1868.0935307617187,1836.857626953125,1864.830078125,59920,0.0,0.0,0.0
2022-05-09 00:00:00+09:00,1846.18187027154,1850.8439457015188,1778.115568993852,1814.0135498046875,1016300,0.0,0.0,0.0
2022-05-16 00:00:00+09:00,1836.8577413322914,1841.5198168179063,1792.1018166703877,1827.0673828125,364590,0.0,0.0,0.0
2022-05-23 00:00:00+09:00,1843.3845714278632,1851.7763069578837,1818.2093648378013,1836.857666015625,391090,0.0,0.0,0.0
2022-05-30 00:00:00+09:00,1858.3032495074854,1891.4039847596257,1853.64117411986,1882.079833984375,353470,0.0,0.0,0.0
2022-06-06 00:00:00+09:00,1866.228724290915,1926.3694950712118,1866.228724290915,1891.4039306640625,845420,0.0,0.0,0.0
2022-06-13 00:00:00+09:00,1855.506019502715,1860.6343024711898,1765.9941713256997,1786.9735107421875,1443640,0.0,0.0,0.0
2022-06-20 00:00:00+09:00,1797.6961779416004,1824.2700062981023,1761.3319917695453,1819.1417236328125,428820,0.0,0.0,0.0
2022-06-27 00:00:00+09:00,1836.391322395749,1862.965149604827,1791.169195390827,1801.8919677734375,504050,0.0,0.0,0.0
2022-07-04 00:00:00+09:00,1816.810921107174,1861.1006407646494,1804.2233165729442,1851.7764892578125,814410,0.0,0.0,0.0
2022-07-11 00:00:00+09:00,1867.627328772424,1877.4176867115705,1804.2231059284277,1820.726806640625,405800,26.5,0.0,0.0
2022-07-18 00:00:00+09:00,1844.6572297398382,1910.3521707938576,1844.6572297398382,1906.5711669921875,673520,0.0,0.0,0.0
2022-07-25 00:00:00+09:00,1895.2279941489237,1909.4067571974192,1886.7207363198263,1890.974365234375,62780,0.0,0.0,0.0
2022-08-01 00:00:00+09:00,1894.755464561432,1911.2973556214595,1876.3230716659727,1898.0638427734375,436930,0.0,0.0,0.0
2022-08-08 00:00:00+09:00,1892.3923825967117,1936.8191767935375,1876.3231166106257,1925.0035400390625,359000,0.0,0.0,0.0
2022-08-15 00:00:00+09:00,1928.311838197314,1956.6693652296276,1927.8392127467755,1944.381103515625,2077740,0.0,0.0,0.0
2022-08-22 00:00:00+09:00,1927.3665475057815,1943.4358124923426,1914.6056606046886,1928.784423828125,467310,0.0,0.0,0.0
2022-08-29 00:00:00+09:00,1890.501856474504,1920.749886178096,1872.5420888379963,1881.52197265625,342780,0.0,0.0,0.0
2022-09-05 00:00:00+09:00,1876.7956497590567,1921.2224417704774,1859.3085082226464,1919.8045654296875,417280,0.0,0.0,0.0
2022-09-12 00:00:00+09:00,1932.0928713378905,1938.709627746582,1887.6660783081054,1890.5018310546875,969910,0.0,0.0,0.0
2022-09-19 00:00:00+09:00,1890.501912177949,1910.824807733862,1856.4728777587459,1871.124267578125,305940,0.0,0.0,0.0
2022-09-26 00:00:00+09:00,1843.2392987791181,1847.9655533913724,1791.2504980443225,1808.2650146484375,1139910,0.0,0.0,0.0
2022-10-03 00:00:00+09:00,1801.1757311643669,1904.2080873422287,1789.3600939880066,1881.0494384765625,562460,0.0,0.0,0.0
2022-10-10 00:00:00+09:00,1881.049372727434,1881.049372727434,1829.0605709686356,1872.5421142578125,463000,0.0,0.0,0.0
2022-10-17 00:00:00+09:00,1852.691956965582,1883.8852399144923,1848.4383274725487,1855.5277099609375,327630,0.0,0.0,0.0
2022-10-24 00:00:00+09:00,1872.5421142578125,1899.0091406077463,1860.2538520239148,1872.5421142578125,147100,0.0,0.0,0.0
2022-10-31 00:00:00+09:00,1893.3375838012696,1917.441482147217,1880.5766964416505,1890.5018310546875,598120,0.0,0.0,0.0
2022-11-07 00:00:00+09:00,1900.4270298912325,1954.3063338971017,1900.4270298912325,1951.4705810546875,581440,0.0,0.0,0.0
2022-11-14 00:00:00+09:00,1942.9633769426525,1948.1622572993465,1920.7499790549598,1939.182373046875,273840,0.0,0.0,0.0
2022-11-21 00:00:00+09:00,1945.326232605922,1994.9519018050528,1938.7094767127048,1991.1708984375,283720,0.0,0.0,0.0
2022-11-28 00:00:00+09:00,1988.8078853949546,1991.1710126352052,1917.9140681874349,1927.3665771484375,206770,0.0,0.0,0.0
2022-12-05 00:00:00+09:00,1924.5309187473254,1937.7644319410692,1901.3722706582735,1932.5655517578125,226670,0.0,0.0,0.0
2022-12-12 00:00:00+09:00,1925.4761952693104,1950.9979710534396,1920.7499404944717,1923.585693359375,180070,0.0,0.0,0.0
2022-12-19 00:00:00+09:00,1909.4068381569602,1917.9140963467685,1861.199041748047,1871.5968017578125,601160,0.0,0.0,0.0
2022-12-26 00:00:00+09:00,1872.5422952011047,1891.4473158492733,1857.4182786825697,1867.8160400390625,362840,0.0,0.0,0.0
2023-01-02 00:00:00+09:00,1867.8159400330292,1867.8159400330292,1838.5131595972882,1851.2740478515625,514930,0.0,0.0,0.0
2023-01-09 00:00:00+09:00,1851.2739618319797,1889.5566248159955,1851.2739618319797,1861.1990966796875,511480,0.0,0.0,0.0
2023-01-16 00:00:00+09:00,1850.801196233813,1890.0291071856534,1839.930811271255,1879.63134765625,302970,23.5,0.0,0.0
2023-01-23 00:00:00+09:00,1920.5126116352696,1963.5627075374302,1913.3375956515763,1957.3443603515625,991950,0.0,0.0,0.0
2023-01-30 00:00:00+09:00,1959.2574975417897,1966.4325127915765,1936.297448742472,1945.8641357421875,700390,0.0,0.0,0.0
2023-02-06 00:00:00+09:00,1961.1710205078125,1974.5643835746953,1950.6476638124047,1961.1710205078125,676450,0.0,0.0,0.0
2023-02-13 00:00:00+09:00,1959.257535245503,1977.9125752539442,1943.9508357513976,1967.8675537109375,186130,0.0,0.0,0.0
2023-02-20 00:00:00+09:00,1969.7810358561753,1978.8693893484694,1945.864316139612,1962.127685546875,190560,0.0,0.0,0.0
2023-02-27 00:00:00+09:00,1959.2576775431862,1996.5677602698388,1959.2576775431862,1993.69775390625,547280,0.0,0.0,0.0
2023-03-06 00:00:00+09:00,2007.5694062910009,2046.7928257134126,2004.2210656085997,2005.177734375,448640,0.0,0.0,0.0
2023-03-13 00:00:00+09:00,1986.0443231965808,1986.0443231965808,1886.5507732869255,1935.8192138671875,1319540,0.0,0.0,0.0
2023-03-20 00:00:00+09:00,1925.774144117903,1945.8641873501315,1905.6841008856745,1932.4708251953125,356810,0.0,0.0,0.0
2023-03-27 00:00:00+09:00,1941.5592076858663,2009.0043538508596,1932.470854656541,2003.74267578125,400300,0.0,0.0,0.0
2023-04-03 00:00:00+09:00,2015.7011945940544,2022.876210711499,1957.3443968388399,1963.562744140625,813650,0.0,0.0,0.0
2023-04-10 00:00:00+09:00,1975.5209551721232,2018.5710486262371,1972.1726145701364,2017.6143798828125,1224260,0.0,0.0,0.0
2023-04-17 00:00:00+09:00,2023.832910759421,2043.9229561982997,2017.614563361673,2032.9212646484375,514510,0.0,0.0,0.0
2023-04-24 00:00:00+09:00,2038.6610663526276,2055.881103515625,2014.266013705048,2055.881103515625,848730,0.0,0.0,0.0
2023-05-01 00:00:00+09:00,2068.796183174387,2083.6245488803766,2066.882845663936,2074.057861328125,320240,0.0,0.0,0.0
2023-05-08 00:00:00+09:00,2072.6229565970243,2097.9746798141123,2067.3612781934776,2095.5830078125,215420,0.0,0.0,0.0
2023-05-15 00:00:00+09:00,2105.1496844710778,2171.6381657574857,2103.714681277846,2160.636474609375,1067860,0.0,0.0,0.0
2023-05-22 00:00:00+09:00,2156.331216867407,2188.3796178279476,2139.5895148730947,2145.807861328125,1017430,0.0,0.0,0.0
2023-05-29 00:00:00+09:00,2176.4214825776457,2183.1181640625,2126.1963714412386,2183.1181640625,879900,0.0,0.0,0.0
2023-06-05 00:00:00+09:00,2213.2534349273355,2250.0851864919355,2178.8133555422546,2224.255126953125,1580510,0.0,0.0,0.0
2023-06-12 00:00:00+09:00,2234.778125649553,2309.398285666961,2228.08144462235,2301.2666015625,1095780,0.0,0.0,0.0
2023-06-19 00:00:00+09:00,2308.920222137535,2311.311894213501,2252.9550955599316,2263.956787109375,1382020,0.0,0.0,0.0
2023-06-26 00:00:00+09:00,2258.2167315056845,2315.138525839338,2237.648352040583,2290.26513671875,1185290,0.0,0.0,0.0
2023-07-03 00:00:00+09:00,2307.9634479665665,2324.7051517341997,2250.5633207632527,2259.17333984375,2055220,0.0,0.0,0.0
2023-07-10 00:00:00+09:00,2258.695113559172,2267.3051330517737,2192.6849641158924,2214.28662109375,1245500,28.4,0.0,0.0
2023-07-17 00:00:00+09:00,2241.2384967081507,2284.8235150105993,2239.3013847835973,2263.031005859375,185760,0.0,0.0,0.0
2023-07-24 00:00:00+09:00,2281.4336244028113,2299.35191013894,2258.18828074513,2294.993408203125,833490,0.0,0.0,0.0
2023-07-31 00:00:00+09:00,2323.565487890459,2340.5152152927444,2259.1565237617738,2275.1376953125,2235300,0.0,0.0,0.0
2023-08-07 00:00:00+09:00,2263.999745146507,2308.5533230189085,2263.515467126155,2306.6162109375,529070,0.0,0.0,0.0
2023-08-14 00:00:00+09:00,2310.4903292658005,2317.270221240171,2230.5844595678636,2240.27001953125,673930,0.0,0.0,0.0
2023-08-21 00:00:00+09:00,2244.1442510271713,2292.5720510061783,2236.3958030305303,2270.779541015625,278980,0.0,0.0,0.0
2023-08-28 00:00:00+09:00,2288.2134892897816,2357.465241452414,2288.2134892897816,2352.13818359375,517520,0.0,0.0,0.0
2023-09-04 00:00:00+09:00,2359.4025844365133,2401.0504954097355,2357.4654722982236,2361.823974609375,315330,0.0,0.0,0.0
2023-09-11 00:00:00+09:00,2371.993617855122,2441.729649086469,2356.9810000205957,2433.981201171875,377830,0.0,0.0,0.0
2023-09-18 00:00:00+09:00,2433.9813256766383,2436.886993793244,2356.9811205865894,2379.7421875,364170,0.0,0.0,0.0
2023-09-25 00:00:00+09:00,2385.5531709085053,2393.3016180734535,2339.546765866624,2348.748046875,447550,0.0,0.0,0.0
2023-10-02 00:00:00+09:00,2359.8867693349043,2380.7107239996694,2239.3015434854497,2288.213623046875,861730,0.0,0.0,0.0
2023-10-09 00:00:00+09:00,2288.213419359784,2368.1192847977445,2288.213419359784,2332.28271484375,496310,0.0,0.0,0.0
2023-10-16 00:00:00+09:00,2314.848876590052,2333.73571888859,2265.45251980926,2279.49658203125,588860,0.0,0.0,0.0
2023-10-23 00:00:00+09:00,2271.263902538648,2293.0564133305966,2220.4147106907676,2280.949462890625,679530,0.0,0.0,0.0
2023-10-30 00:00:00+09:00,2257.7040755772355,2363.2766814279084,2245.112847356513,2347.77978515625,243710,0.0,0.0,0.0
2023-11-06 00:00:00+09:00,2388.458968962966,2394.2703046538736,2320.660052569046,2362.792236328125,614140,0.0,0.0,0.0
2023-11-13 00:00:00+09:00,2375.8681076545577,2415.5789076601986,2356.0127076517374,2414.6103515625,476230,0.0,0.0,0.0
2023-11-20 00:00:00+09:00,2416.547069060497,2430.5911301832934,2380.7104992988784,2417.515625,327390,0.0,0.0,0.0
2023-11-27 00:00:00+09:00,2419.937323255942,2426.2329376650528,2376.8365784551056,2406.86181640625,462620,0.0,0.0,0.0
2023-12-04 00:00:00+09:00,2393.7861624204074,2415.0943944953615,2341.4841382364293,2371.99365234375,800680,0.0,0.0,0.0
2023-12-11 00:00:00+09:00,2371.0248645064576,2401.0500976762696,2337.125407701831,2362.307861328125,242030,0.0,0.0,0.0
2023-12-18 00:00:00+09:00,2339.5471850190465,2387.49071044171,2319.2075075670077,2361.823974609375,470200,0.0,0.0,0.0
2023-12-25 00:00:00+09:00,2381.1951012738805,2404.9247250205594,2355.044087348969,2392.33349609375,546270,0.0,0.0,0.0
2024-01-01 00:00:00+09:00,2392.3332138671876,2430.106896191406,2362.3079791992186,2421.389892578125,245920,0.0,0.0,0.0
2024-01-08 00:00:00+09:00,2421.390127100665,2541.975355430278,2421.390127100665,2532.289794921875,1098700,0.0,0.0,0.0
2024-01-15 00:00:00+09:00,2508.5600019787053,2549.239353362144,2495.000218184226,2514.371337890625,549700,25.6,0.0,0.0
2024-01-22 00:00:00+09:00,2557.519946908037,2597.137295483205,2525.7282474341373,2527.195556640625,710430,0.0,0.0,0.0
2024-01-29 00:00:00+09:00,2540.4010680083184,2581.485721399288,2540.4010680083184,2568.76904296875,720610,0.0,0.0,0.0
2024-02-05 00:00:00+09:00,2592.246165732494,2606.91925723664,2562.8999827242014,2587.84423828125,322490,0.0,0.0,0.0
2024-02-12 00:00:00+09:00,2587.844415936148,2671.9701463351307,2587.844415936148,2656.31884765625,994220,0.0,0.0,0.0
2024-02-19 00:00:00+09:00,2659.2532415760406,2695.9359697566924,2645.5583563885975,2694.957763671875,427500,0.0,0.0,0.0
2024-02-26 00:00:00+09:00,2707.185393769862,2745.3354318392476,2686.153962526483,2741.422607421875,476100,0.0,0.0,0.0
2024-03-04 00:00:00+09:00,2755.1174730380067,2789.8437894920626,2727.7277023136803,2757.56298828125,921780,0.0,0.0,0.0
2024-03-11 00:00:00+09:00,2728.7059088481583,2728.7059088481583,2649.9603180031045,2702.783447265625,772570,0.0,0.0,0.0
2024-03-18 00:00:00+09:00,2724.304021959079,2855.3836409689593,2719.9020944550157,2849.514404296875,544600,0.0,0.0,0.0
2024-03-25 00:00:00+09:00,2842.1778436614213,2846.090668089109,2801.093187170704,2825.54833984375,918850,0.0,0.0,0.0
2024-04-01 00:00:00+09:00,2815.2770746635383,2842.6668446741633,2737.020588918895,2761.96484375,1500310,0.0,0.0,0.0
2024-04-08 00:00:00+09:00,2782.5070603791155,2827.5045378892014,2776.148721165734,2818.70068359375,1004420,0.0,0.0,0.0
2024-04-15 00:00:00+09:00,2787.8871696764004,2811.364114263149,2653.8729443270436,2685.175537109375,886670,0.0,0.0,0.0
2024-04-22 00:00:00+09:00,2726.260388949798,2769.3014571642907,2702.294339603092,2742.889892578125,435040,0.0,0.0,0.0
2024-04-29 00:00:00+09:00,2742.889881572312,2806.9623805890687,2742.889881572312,2788.37646484375,246460,0.0,0.0,0.0
2024-05-06 00:00:00+09:00,2788.3765062184407,2815.2771741437195,2765.388662718657,2790.822021484375,479850,0.0,0.0,0.0
2024-05-13 00:00:00+09:00,2786.4200980852834,2820.6573118584924,2771.2579034142914,2805.4951171875,403640,0.0,0.0,0.0
2024-05-20 00:00:00+09:00,2805.0059072741205,2848.536077413161,2774.1924160521035,2802.0712890625,452790,0.0,0.0,0.0
2024-05-27 00:00:00+09:00,2810.386240886546,2846.090765005014,2756.0958001036697,2819.67919921875,832390,0.0,0.0,0.0
2024-06-03 00:00:00+09:00,2855.872676271823,2873.4803858703476,2803.5386505206525,2813.809814453125,497870,0.0,0.0,0.0
2024-06-10 00:00:00+09:00,2820.6571738913813,2865.16554961951,2773.2141799833767,2808.918701171875,393720,0.0,0.0,0.0
2024-06-17 00:00:00+09:00,2786.9091622672727,2811.3643146213203,2751.693742877444,2782.996337890625,393750,0.0,0.0,0.0
2024-06-24 00:00:00+09:00,2787.887346801342,2888.153470677531,2784.952728541551,2873.969482421875,1315860,0.0,0.0,0.0
2024-07-01 00:00:00+09:00,2897.4465144106152,2973.7465914275053,2881.3061135031962,2948.313232421875,329750,0.0,0.0,0.0
2024-07-08 00:00:00+09:00,2947.33487324917,3013.8528856557227,2920.9233094995093,2927.770751953125,842340,0.0,0.0,0.0
2024-07-15 00:00:00+09:00,2927.7708502595387,2963.964475872503,2879.838751474802,2901.848388671875,795540,32.5,0.0,0.0
2024-07-22 00:00:00+09:00,2921.34262630752,2927.770766819029,2758.166751784588,2842.22705078125,1274020,0.0,0.0,0.0
2024-07-29 00:00:00+09:00,2803.1636581547004,2866.950589165806,2596.474222785382,2692.40185546875,2887680,0.0,0.0,0.0
2024-08-05 00:00:00+09:00,2412.0361643971264,2604.3859118244495,2205.3467185754785,2545.543701171875,1737350,0.0,0.0,0.0
2024-08-12 00:00:00+09:00,2545.543765080958,2744.8161305292147,2545.543765080958,2740.8603515625,191910,0.0,0.0,0.0
2024-08-19 00:00:00+09:00,2737.399039218553,2751.244265572982,2697.84124963447,2747.782958984375,339630,0.0,0.0,0.0
2024-08-26 00:00:00+09:00,2726.520617300046,2778.934687926416,2708.719612181656,2763.111572265625,195710,0.0,0.0,0.0
2024-09-02 00:00:00+09:00,2793.7688367511205,2806.1306457632936,2645.4271286050434,2661.250244140625,481510,0.0,0.0,0.0
2024-09-09 00:00:00+09:00,2586.5849948701543,2665.7005749082396,2567.795044611109,2629.109619140625,353030,0.0,0.0,0.0
2024-09-16 00:00:00+09:00,2629.109489771539,2730.970794058343,2580.156727031764,2704.269287109375,153950,0.0,0.0,0.0
2024-09-23 00:00:00+09:00,2704.26939031602,2835.3045683071964,2704.26939031602,2831.84326171875,1704040,0.0,0.0,0.0
2024-09-30 00:00:00+09:00,2724.542661892361,2801.6803488715277,2722.564772482639,2781.406982421875,207730,0.0,0.0,0.0
2024-10-07 00:00:00+09:00,2833.8210727386395,2843.2160475043056,2780.4180582811673,2799.2080078125,460990,0.0,0.0,0.0
2024-10-14 00:00:00+09:00,2799.2080752724096,2833.8211410327112,2767.5618437201338,2780.91259765625,1915930,0.0,0.0,0.0
2024-10-21 00:00:00+09:00,2779.4291035903057,2783.8793547791174,2691.907496877001,2702.785888671875,3034500,0.0,0.0,0.0
2024-10-28 00:00:00+09:00,2697.346652511666,2805.6360964896776,2691.9074566954187,2731.959716796875,231230,0.0,0.0,0.0
2024-11-04 00:00:00+09:00,2731.959674054154,2861.016954584133,2729.4873123581774,2832.83203125,319400,0.0,0.0,0.0
2024-11-11 00:00:00+09:00,2831.843113525951,2862.9948711917687,2790.801908982097,2798.218994140625,208810,0.0,0.0,0.0
2024-11-18 00:00:00+09:00,2780.9126105673245,2811.569897525926,2770.0342184207243,2786.351806640625,769670,0.0,0.0,0.0
2024-11-25 00:00:00+09:00,2812.06437435444,2826.404073115875,2741.8492976605185,2760.144775390625,204310,0.0,0.0,0.0
2024-12-02 00:00:00+09:00,2775.4733917606336,2858.0502769243653,2773.989974661884,2814.042236328125,876910,0.0,0.0,0.0
2024-12-09 00:00:00+09:00,2831.843205791138,2881.784914152393,2812.5587837506537,2836.29345703125,385800,0.0,0.0,0.0
2024-12-16 00:00:00+09:00,2836.7879825591367,2854.0945154839355,2762.1226547978627,2793.2744140625,286660,0.0,0.0,0.0
2024-12-23 00:00:00+09:00,2808.603022680764,2902.5527716788883,2799.208047780952,2899.5859375,198840,0.0,0.0,0.0
2024-12-30 00:00:00+09:00,2906.5084417620947,2907.4973864513636,2873.873267016212,2882.279296875,79640,0.0,0.0,0.0
2025-01-06 00:00:00+09:00,2884.7516623382244,2893.1576922079107,2810.580810546875,2810.580810546875,657340,0.0,0.0,0.0
2025-01-13 00:00:00+09:00,2810.580846945703,2810.580846945703,2713.169793664861,2742.838134765625,909630,30.8,0.0,0.0
2025-01-20 00:00:00+09:00,2791.0,2870.0,2789.0,2845.0,744260,0.0,0.0,0.0
2025-01-27 00:00:00+09:00,2869.5,2893.0,2827.0,2890.0,241380,0.0,0.0,0.0
2025-02-03 00:00:00+09:00,2840.0,2868.0,2795.0,2831.5,305270,0.0,0.0,0.0
2025-02-10 00:00:00+09:00,2832.0,2882.5,2816.0,2857.0,83930,0.0,0.0,0.0
2025-02-17 00:00:00+09:00,2852.0,2887.5,2816.0,2835.5,127960,0.0,0.0,0.0
2025-02-24 00:00:00+09:00,2835.5,2835.5,2764.0,2779.0,1068100,0.0,0.0,0.0
2025-03-03 00:00:00+09:00,2811.0,2855.0,2779.0,2803.0,229560,0.0,0.0,0.0
2025-03-10 00:00:00+09:00,2806.5,2822.0,2713.0,2816.5,238620,0.0,0.0,0.0
2025-03-17 00:00:00+09:00,2835.5,2918.5,2835.5,2904.0,167970,0.0,0.0,0.0
2025-03-24 00:00:00+09:00,2911.5,2921.0,2872.0,2885.0,173620,0.0,0.0,0.0
2025-03-31 00:00:00+09:00,2798.5,2822.5,2551.0,2602.0,896240,0.0,0.0,0.0
2025-04-07 00:00:00+09:00,2402.0,2688.5,2330.0,2579.0,1565970,0.0,0.0,0.0
2025-04-14 00:00:00+09:00,2605.5,2681.5,2594.0,2679.0,370650,0.0,0.0,0.0
2025-04-21 00:00:00+09:00,2667.5,2761.0,2634.5,2752.0,411370,0.0,0.0,0.0
2025-04-28 00:00:00+09:00,2775.0,2830.0,2770.0,2809.5,490430,0.0,0.0,0.0
2025-05-05 00:00:00+09:00,2809.5,2867.0,2802.0,2859.5,286940,0.0,0.0,0.0
2025-05-12 00:00:00+09:00,2874.5,2927.0,2852.0,2865.0,1118750,0.0,0.0,0.0
